cell line,rep,virus number,virus,RLU,uL,RLU/uL,experiment
293T,1,1,bald,19830,50,396.6,ct del
293T,1,1,bald,1622,12.5,129.76,ct del
293T,1,1,bald,661.5,3.125,211.68,ct del
293T,1,1,bald,72.16,0.78125,92.3648,ct del
293T,1,1,bald,52.59,0.1953125,269.2608,ct del
293T,1,1,bald,99.46,0.048828125,2036.9408,ct del
293T,2,1,bald,12970,50,259.4,ct del
293T,2,1,bald,793.6,12.5,63.488,ct del
293T,2,1,bald,275.7,3.125,88.224,ct del
293T,2,1,bald,77.29,0.78125,98.9312,ct del
293T,2,1,bald,75.26,0.1953125,385.3312,ct del
293T,2,1,bald,117.9,0.048828125,2414.592,ct del
293T,1,2,F only,4044000,50,80880,ct del
293T,1,2,F only,757800,12.5,60624,ct del
293T,1,2,F only,190600,3.125,60992,ct del
293T,1,2,F only,4484,0.78125,5739.52,ct del
293T,1,2,F only,3834,0.1953125,19630.08,ct del
293T,1,2,F only,190,0.048828125,3891.2,ct del
293T,2,2,F only,3093000,50,61860,ct del
293T,2,2,F only,871700,12.5,69736,ct del
293T,2,2,F only,79480,3.125,25433.6,ct del
293T,2,2,F only,20580,0.78125,26342.4,ct del
293T,2,2,F only,52040,0.1953125,266444.8,ct del
293T,2,2,F only,34440,0.048828125,705331.2,ct del
293T,1,3,full G,5487000,50,109740,ct del
293T,1,3,full G,2352000,12.5,188160,ct del
293T,1,3,full G,703400,3.125,225088,ct del
293T,1,3,full G,236200,0.78125,302336,ct del
293T,1,3,full G,56510,0.1953125,289331.2,ct del
293T,1,3,full G,17230,0.048828125,352870.4,ct del
293T,2,3,full G,7057000,50,141140,ct del
293T,2,3,full G,2910000,12.5,232800,ct del
293T,2,3,full G,757100,3.125,242272,ct del
293T,2,3,full G,173100,0.78125,221568,ct del
293T,2,3,full G,97340,0.1953125,498380.8,ct del
293T,2,3,full G,16890,0.048828125,345907.2,ct del
293T,1,4,G -3,8093000,50,161860,ct del
293T,1,4,G -3,3345000,12.5,267600,ct del
293T,1,4,G -3,1190000,3.125,380800,ct del
293T,1,4,G -3,217700,0.78125,278656,ct del
293T,1,4,G -3,101100,0.1953125,517632,ct del
293T,1,4,G -3,42380,0.048828125,867942.4,ct del
293T,2,4,G -3,9721000,50,194420,ct del
293T,2,4,G -3,3218000,12.5,257440,ct del
293T,2,4,G -3,1182000,3.125,378240,ct del
293T,2,4,G -3,218000,0.78125,279040,ct del
293T,2,4,G -3,128600,0.1953125,658432,ct del
293T,2,4,G -3,13440,0.048828125,275251.2,ct del
293T,1,5,G -7,6359000,50,127180,ct del
293T,1,5,G -7,2652000,12.5,212160,ct del
293T,1,5,G -7,625300,3.125,200096,ct del
293T,1,5,G -7,149000,0.78125,190720,ct del
293T,1,5,G -7,84670,0.1953125,433510.4,ct del
293T,1,5,G -7,1670,0.048828125,34201.6,ct del
293T,2,5,G -7,7233000,50,144660,ct del
293T,2,5,G -7,2722000,12.5,217760,ct del
293T,2,5,G -7,731600,3.125,234112,ct del
293T,2,5,G -7,166600,0.78125,213248,ct del
293T,2,5,G -7,59350,0.1953125,303872,ct del
293T,2,5,G -7,1543,0.048828125,31600.64,ct del
293T,1,6,G -11,6553000,50,131060,ct del
293T,1,6,G -11,2629000,12.5,210320,ct del
293T,1,6,G -11,945100,3.125,302432,ct del
293T,1,6,G -11,201100,0.78125,257408,ct del
293T,1,6,G -11,65480,0.1953125,335257.6,ct del
293T,1,6,G -11,8599,0.048828125,176107.52,ct del
293T,2,6,G -11,7135000,50,142700,ct del
293T,2,6,G -11,3563000,12.5,285040,ct del
293T,2,6,G -11,928500,3.125,297120,ct del
293T,2,6,G -11,206900,0.78125,264832,ct del
293T,2,6,G -11,91970,0.1953125,470886.4,ct del
293T,2,6,G -11,9350,0.048828125,191488,ct del
293T,1,7,G -15,68250000,50,1365000,ct del
293T,1,7,G -15,33550000,12.5,2684000,ct del
293T,1,7,G -15,10010000,3.125,3203200,ct del
293T,1,7,G -15,2811000,0.78125,3598080,ct del
293T,1,7,G -15,678300,0.1953125,3472896,ct del
293T,1,7,G -15,327200,0.048828125,6701056,ct del
293T,2,7,G -15,95500000,50,1910000,ct del
293T,2,7,G -15,34550000,12.5,2764000,ct del
293T,2,7,G -15,11500000,3.125,3680000,ct del
293T,2,7,G -15,2739000,0.78125,3505920,ct del
293T,2,7,G -15,648300,0.1953125,3319296,ct del
293T,2,7,G -15,299700,0.048828125,6137856,ct del
293T,1,8,G -19,260000000,50,5200000,ct del
293T,1,8,G -19,104100000,12.5,8328000,ct del
293T,1,8,G -19,30460000,3.125,9747200,ct del
293T,1,8,G -19,8578000,0.78125,10979840,ct del
293T,1,8,G -19,2136000,0.1953125,10936320,ct del
293T,1,8,G -19,621800,0.048828125,12734464,ct del
293T,2,8,G -19,317900000,50,6358000,ct del
293T,2,8,G -19,99140000,12.5,7931200,ct del
293T,2,8,G -19,31290000,3.125,10012800,ct del
293T,2,8,G -19,8327000,0.78125,10658560,ct del
293T,2,8,G -19,1957000,0.1953125,10019840,ct del
293T,2,8,G -19,443700,0.048828125,9086976,ct del
293T,1,9,G -23,186900000,50,3738000,ct del
293T,1,9,G -23,71120000,12.5,5689600,ct del
293T,1,9,G -23,18830000,3.125,6025600,ct del
293T,1,9,G -23,4766000,0.78125,6100480,ct del
293T,1,9,G -23,1263000,0.1953125,6466560,ct del
293T,1,9,G -23,388800,0.048828125,7962624,ct del
293T,2,9,G -23,210900000,50,4218000,ct del
293T,2,9,G -23,70100000,12.5,5608000,ct del
293T,2,9,G -23,19080000,3.125,6105600,ct del
293T,2,9,G -23,5282000,0.78125,6760960,ct del
293T,2,9,G -23,1348000,0.1953125,6901760,ct del
293T,2,9,G -23,376500,0.048828125,7710720,ct del
293T,1,10,G -27,476500000,50,9530000,ct del
293T,1,10,G -27,172800000,12.5,13824000,ct del
293T,1,10,G -27,52300000,3.125,16736000,ct del
293T,1,10,G -27,12870000,0.78125,16473600,ct del
293T,1,10,G -27,3568000,0.1953125,18268160,ct del
293T,1,10,G -27,764700,0.048828125,15661056,ct del
293T,2,10,G -27,197600000,12.5,15808000,ct del
293T,2,10,G -27,63580000,3.125,20345600,ct del
293T,2,10,G -27,14880000,0.78125,19046400,ct del
293T,2,10,G -27,3762000,0.1953125,19261440,ct del
293T,2,10,G -27,1121000,0.048828125,22958080,ct del
293T,1,11,G -31,over,50,#VALUE!,ct del
293T,1,11,G -31,259100000,12.5,20728000,ct del
293T,1,11,G -31,85020000,3.125,27206400,ct del
293T,1,11,G -31,25550000,0.78125,32704000,ct del
293T,1,11,G -31,7085000,0.1953125,36275200,ct del
293T,1,11,G -31,1869000,0.048828125,38277120,ct del
293T,2,11,G -31,over,50,#VALUE!,ct del
293T,2,11,G -31,266700000,12.5,21336000,ct del
293T,2,11,G -31,79660000,3.125,25491200,ct del
293T,2,11,G -31,24100000,0.78125,30848000,ct del
293T,2,11,G -31,5774000,0.1953125,29562880,ct del
293T,2,11,G -31,1796000,0.048828125,36782080,ct del
293T,1,12,G -35,291900000,50,5838000,ct del
293T,1,12,G -35,96450000,12.5,7716000,ct del
293T,1,12,G -35,28890000,3.125,9244800,ct del
293T,1,12,G -35,8072000,0.78125,10332160,ct del
293T,1,12,G -35,2516000,0.1953125,12881920,ct del
293T,1,12,G -35,681400,0.048828125,13955072,ct del
293T,2,12,G -35,327000000,50,6540000,ct del
293T,2,12,G -35,108100000,12.5,8648000,ct del
293T,2,12,G -35,30840000,3.125,9868800,ct del
293T,2,12,G -35,8457000,0.78125,10824960,ct del
293T,2,12,G -35,2170000,0.1953125,11110400,ct del
293T,2,12,G -35,466500,0.048828125,9553920,ct del
293T,1,13,G only,96310,50,1926.2,ct del
293T,1,13,G only,57050,12.5,4564,ct del
293T,1,13,G only,22260,3.125,7123.2,ct del
293T,1,13,G only,16280,0.78125,20838.4,ct del
293T,1,13,G only,185,0.1953125,947.2,ct del
293T,1,13,G only,88.45,0.048828125,1811.456,ct del
293T,1,14,full F,over,50,#VALUE!,ct del
293T,1,14,full F,227100000,12.5,18168000,ct del
293T,1,14,full F,68330000,3.125,21865600,ct del
293T,1,14,full F,19990000,0.78125,25587200,ct del
293T,1,14,full F,5088000,0.1953125,26050560,ct del
293T,1,14,full F,1441000,0.048828125,29511680,ct del
293T,2,14,full F,over,50,#VALUE!,ct del
293T,2,14,full F,207600000,12.5,16608000,ct del
293T,2,14,full F,67300000,3.125,21536000,ct del
293T,2,14,full F,20430000,0.78125,26150400,ct del
293T,2,14,full F,4892000,0.1953125,25047040,ct del
293T,2,14,full F,1283000,0.048828125,26275840,ct del
293T,1,15,F -4,over,50,#VALUE!,ct del
293T,1,15,F -4,268600000,12.5,21488000,ct del
293T,1,15,F -4,87240000,3.125,27916800,ct del
293T,1,15,F -4,26080000,0.78125,33382400,ct del
293T,1,15,F -4,6749000,0.1953125,34554880,ct del
293T,1,15,F -4,2037000,0.048828125,41717760,ct del
293T,2,15,F -4,over,50,#VALUE!,ct del
293T,2,15,F -4,313300000,12.5,25064000,ct del
293T,2,15,F -4,106900000,3.125,34208000,ct del
293T,2,15,F -4,31400000,0.78125,40192000,ct del
293T,2,15,F -4,8556000,0.1953125,43806720,ct del
293T,2,15,F -4,2101000,0.048828125,43028480,ct del
293T,1,16,F -8,over,50,#VALUE!,ct del
293T,1,16,F -8,268500000,12.5,21480000,ct del
293T,1,16,F -8,93910000,3.125,30051200,ct del
293T,1,16,F -8,22520000,0.78125,28825600,ct del
293T,1,16,F -8,5945000,0.1953125,30438400,ct del
293T,1,16,F -8,1690000,0.048828125,34611200,ct del
293T,2,16,F -8,over,50,#VALUE!,ct del
293T,2,16,F -8,259700000,12.5,20776000,ct del
293T,2,16,F -8,87530000,3.125,28009600,ct del
293T,2,16,F -8,20110000,0.78125,25740800,ct del
293T,2,16,F -8,5249000,0.1953125,26874880,ct del
293T,2,16,F -8,1432000,0.048828125,29327360,ct del
293T,1,17,F -12,455500000,50,9110000,ct del
293T,1,17,F -12,168900000,12.5,13512000,ct del
293T,1,17,F -12,51290000,3.125,16412800,ct del
293T,1,17,F -12,9548000,0.78125,12221440,ct del
293T,1,17,F -12,2177000,0.1953125,11146240,ct del
293T,1,17,F -12,567500,0.048828125,11622400,ct del
293T,2,17,F -12,486600000,50,9732000,ct del
293T,2,17,F -12,162700000,12.5,13016000,ct del
293T,2,17,F -12,50610000,3.125,16195200,ct del
293T,2,17,F -12,8995000,0.78125,11513600,ct del
293T,2,17,F -12,2296000,0.1953125,11755520,ct del
293T,2,17,F -12,528900,0.048828125,10831872,ct del
293T,1,18,F -16,2066000,50,41320,ct del
293T,1,18,F -16,1116000,12.5,89280,ct del
293T,1,18,F -16,414800,3.125,132736,ct del
293T,1,18,F -16,123400,0.78125,157952,ct del
293T,1,18,F -16,28070,0.1953125,143718.4,ct del
293T,1,18,F -16,7788,0.048828125,159498.24,ct del
293T,2,18,F -16,1041000,50,20820,ct del
293T,2,18,F -16,488300,12.5,39064,ct del
293T,2,18,F -16,180800,3.125,57856,ct del
293T,2,18,F -16,65490,0.78125,83827.2,ct del
293T,2,18,F -16,10950,0.1953125,56064,ct del
293T,2,18,F -16,5424,0.048828125,111083.52,ct del
293T,1,19,F -20,1330000,50,26600,ct del
293T,1,19,F -20,800900,12.5,64072,ct del
293T,1,19,F -20,353300,3.125,113056,ct del
293T,1,19,F -20,71300,0.78125,91264,ct del
293T,1,19,F -20,34670,0.1953125,177510.4,ct del
293T,1,19,F -20,13410,0.048828125,274636.8,ct del
293T,2,19,F -20,1676000,50,33520,ct del
293T,2,19,F -20,827700,12.5,66216,ct del
293T,2,19,F -20,412800,3.125,132096,ct del
293T,2,19,F -20,18310,0.78125,23436.8,ct del
293T,2,19,F -20,22330,0.1953125,114329.6,ct del
293T,2,19,F -20,9052,0.048828125,185384.96,ct del
293T,1,20,F -22,7605000,50,152100,ct del
293T,1,20,F -22,3687000,12.5,294960,ct del
293T,1,20,F -22,1504000,3.125,481280,ct del
293T,1,20,F -22,197800,0.78125,253184,ct del
293T,1,20,F -22,22860,0.1953125,117043.2,ct del
293T,1,20,F -22,12280,0.048828125,251494.4,ct del
293T,2,20,F -22,9093000,50,181860,ct del
293T,2,20,F -22,3580000,12.5,286400,ct del
293T,2,20,F -22,1413000,3.125,452160,ct del
293T,2,20,F -22,248800,0.78125,318464,ct del
293T,2,20,F -22,29810,0.1953125,152627.2,ct del
293T,2,20,F -22,2762,0.048828125,56565.76,ct del
293T,1,21,VSV-G ,23960000,0.1,239600000,ct del
293T,1,21,VSV-G ,5374000,0.025,214960000,ct del
293T,1,21,VSV-G ,1563000,0.00625,250080000,ct del
293T,1,21,VSV-G ,273700,0.0015625,175168000,ct del
293T,1,21,VSV-G ,59190,0.000390625,151526400,ct del
293T,1,21,VSV-G ,27400,9.77E-05,280576000,ct del
293T,2,21,VSV-G ,27440000,0.1,274400000,ct del
293T,2,21,VSV-G ,5134000,0.025,205360000,ct del
293T,2,21,VSV-G ,1108000,0.00625,177280000,ct del
293T,2,21,VSV-G ,211700,0.0015625,135488000,ct del
293T,2,21,VSV-G ,45220,0.000390625,115763200,ct del
293T,2,21,VSV-G ,29100,9.77E-05,297984000,ct del
293T,1,11.1 A,Fresh 1,over,50,#VALUE!,freeze
293T,1,11.1 A,Fresh 1,428600000,12.5,34288000,freeze
293T,1,11.1 A,Fresh 1,142000000,3.125,45440000,freeze
293T,1,11.1 A,Fresh 1,36660000,0.78125,46924800,freeze
293T,1,11.1 A,Fresh 1,9833000,0.1953125,50344960,freeze
293T,1,11.1 A,Fresh 1,2956000,0.048828125,60538880,freeze
293T,2,11.1 A,Fresh 1,over,50,#VALUE!,freeze
293T,2,11.1 A,Fresh 1,381000000,12.5,30480000,freeze
293T,2,11.1 A,Fresh 1,122100000,3.125,39072000,freeze
293T,2,11.1 A,Fresh 1,36990000,0.78125,47347200,freeze
293T,2,11.1 A,Fresh 1,9331000,0.1953125,47774720,freeze
293T,2,11.1 A,Fresh 1,2851000,0.048828125,58388480,freeze
293T,1,11.1 B,Fresh 2,over,50,#VALUE!,freeze
293T,1,11.1 B,Fresh 2,358800000,12.5,28704000,freeze
293T,1,11.1 B,Fresh 2,98430000,3.125,31497600,freeze
293T,1,11.1 B,Fresh 2,27750000,0.78125,35520000,freeze
293T,1,11.1 B,Fresh 2,8147000,0.1953125,41712640,freeze
293T,1,11.1 B,Fresh 2,2229000,0.048828125,45649920,freeze
293T,2,11.1 B,Fresh 2,over,50,#VALUE!,freeze
293T,2,11.1 B,Fresh 2,345400000,12.5,27632000,freeze
293T,2,11.1 B,Fresh 2,93870000,3.125,30038400,freeze
293T,2,11.1 B,Fresh 2,26820000,0.78125,34329600,freeze
293T,2,11.1 B,Fresh 2,7510000,0.1953125,38451200,freeze
293T,2,11.1 B,Fresh 2,1750000,0.048828125,35840000,freeze
293T,1,11.2 A,-80 Freeze RT thaw 1,25510000,50,510200,freeze
293T,1,11.2 A,-80 Freeze RT thaw 1,8901000,12.5,712080,freeze
293T,1,11.2 A,-80 Freeze RT thaw 1,2580000,3.125,825600,freeze
293T,1,11.2 A,-80 Freeze RT thaw 1,835600,0.78125,1069568,freeze
293T,1,11.2 A,-80 Freeze RT thaw 1,297700,0.1953125,1524224,freeze
293T,1,11.2 A,-80 Freeze RT thaw 1,76760,0.048828125,1572044.8,freeze
293T,2,11.2 A,-80 Freeze RT thaw 1,27830000,50,556600,freeze
293T,2,11.2 A,-80 Freeze RT thaw 1,8276000,12.5,662080,freeze
293T,2,11.2 A,-80 Freeze RT thaw 1,2304000,3.125,737280,freeze
293T,2,11.2 A,-80 Freeze RT thaw 1,831300,0.78125,1064064,freeze
293T,2,11.2 A,-80 Freeze RT thaw 1,235000,0.1953125,1203200,freeze
293T,2,11.2 A,-80 Freeze RT thaw 1,88390,0.048828125,1810227.2,freeze
293T,1,11.2 B,-80 Freeze RT thaw 2,over,50,#VALUE!,freeze
293T,1,11.2 B,-80 Freeze RT thaw 2,208900000,12.5,16712000,freeze
293T,1,11.2 B,-80 Freeze RT thaw 2,61470000,3.125,19670400,freeze
293T,1,11.2 B,-80 Freeze RT thaw 2,18800000,0.78125,24064000,freeze
293T,1,11.2 B,-80 Freeze RT thaw 2,5653000,0.1953125,28943360,freeze
293T,1,11.2 B,-80 Freeze RT thaw 2,1627000,0.048828125,33320960,freeze
293T,2,11.2 B,-80 Freeze RT thaw 2,over,50,#VALUE!,freeze
293T,2,11.2 B,-80 Freeze RT thaw 2,232200000,12.5,18576000,freeze
293T,2,11.2 B,-80 Freeze RT thaw 2,66020000,3.125,21126400,freeze
293T,2,11.2 B,-80 Freeze RT thaw 2,21690000,0.78125,27763200,freeze
293T,2,11.2 B,-80 Freeze RT thaw 2,5679000,0.1953125,29076480,freeze
293T,2,11.2 B,-80 Freeze RT thaw 2,1554000,0.048828125,31825920,freeze
293T,1,11.3 A,-80 Freeze 37 thaw 1,2454000,50,49080,freeze
293T,1,11.3 A,-80 Freeze 37 thaw 1,1218000,12.5,97440,freeze
293T,1,11.3 A,-80 Freeze 37 thaw 1,483000,3.125,154560,freeze
293T,1,11.3 A,-80 Freeze 37 thaw 1,151800,0.78125,194304,freeze
293T,1,11.3 A,-80 Freeze 37 thaw 1,52220,0.1953125,267366.4,freeze
293T,1,11.3 A,-80 Freeze 37 thaw 1,18570,0.048828125,380313.6,freeze
293T,2,11.3 A,-80 Freeze 37 thaw 1,549600,50,10992,freeze
293T,2,11.3 A,-80 Freeze 37 thaw 1,247100,12.5,19768,freeze
293T,2,11.3 A,-80 Freeze 37 thaw 1,58870,3.125,18838.4,freeze
293T,2,11.3 A,-80 Freeze 37 thaw 1,47710,0.78125,61068.8,freeze
293T,2,11.3 A,-80 Freeze 37 thaw 1,9591,0.1953125,49105.92,freeze
293T,2,11.3 A,-80 Freeze 37 thaw 1,4644,0.048828125,95109.12,freeze
293T,1,11.3 B,-80 Freeze 37 thaw 2,524900,50,10498,freeze
293T,1,11.3 B,-80 Freeze 37 thaw 2,317800,12.5,25424,freeze
293T,1,11.3 B,-80 Freeze 37 thaw 2,92960,3.125,29747.2,freeze
293T,1,11.3 B,-80 Freeze 37 thaw 2,27310,0.78125,34956.8,freeze
293T,1,11.3 B,-80 Freeze 37 thaw 2,12680,0.1953125,64921.6,freeze
293T,1,11.3 B,-80 Freeze 37 thaw 2,5074,0.048828125,103915.52,freeze
293T,2,11.3 B,-80 Freeze 37 thaw 2,2767000,50,55340,freeze
293T,2,11.3 B,-80 Freeze 37 thaw 2,1242000,12.5,99360,freeze
293T,2,11.3 B,-80 Freeze 37 thaw 2,484300,3.125,154976,freeze
293T,2,11.3 B,-80 Freeze 37 thaw 2,181600,0.78125,232448,freeze
293T,2,11.3 B,-80 Freeze 37 thaw 2,59760,0.1953125,305971.2,freeze
293T,2,11.3 B,-80 Freeze 37 thaw 2,22000,0.048828125,450560,freeze
293T,1,11.4 A,Flash Freeze RT thaw 1,over,50,#VALUE!,freeze
293T,1,11.4 A,Flash Freeze RT thaw 1,253800000,12.5,20304000,freeze
293T,1,11.4 A,Flash Freeze RT thaw 1,76030000,3.125,24329600,freeze
293T,1,11.4 A,Flash Freeze RT thaw 1,21020000,0.78125,26905600,freeze
293T,1,11.4 A,Flash Freeze RT thaw 1,6126000,0.1953125,31365120,freeze
293T,1,11.4 A,Flash Freeze RT thaw 1,1574000,0.048828125,32235520,freeze
293T,2,11.4 A,Flash Freeze RT thaw 1,over,50,#VALUE!,freeze
293T,2,11.4 A,Flash Freeze RT thaw 1,263500000,12.5,21080000,freeze
293T,2,11.4 A,Flash Freeze RT thaw 1,67860000,3.125,21715200,freeze
293T,2,11.4 A,Flash Freeze RT thaw 1,21130000,0.78125,27046400,freeze
293T,2,11.4 A,Flash Freeze RT thaw 1,5814000,0.1953125,29767680,freeze
293T,2,11.4 A,Flash Freeze RT thaw 1,1593000,0.048828125,32624640,freeze
293T,1,11.4 B,Flash Freeze RT thaw 2,over,50,#VALUE!,freeze
293T,1,11.4 B,Flash Freeze RT thaw 2,257600000,12.5,20608000,freeze
293T,1,11.4 B,Flash Freeze RT thaw 2,73680000,3.125,23577600,freeze
293T,1,11.4 B,Flash Freeze RT thaw 2,21430000,0.78125,27430400,freeze
293T,1,11.4 B,Flash Freeze RT thaw 2,5603000,0.1953125,28687360,freeze
293T,1,11.4 B,Flash Freeze RT thaw 2,1484000,0.048828125,30392320,freeze
293T,2,11.4 B,Flash Freeze RT thaw 2,over,50,#VALUE!,freeze
293T,2,11.4 B,Flash Freeze RT thaw 2,272200000,12.5,21776000,freeze
293T,2,11.4 B,Flash Freeze RT thaw 2,79280000,3.125,25369600,freeze
293T,2,11.4 B,Flash Freeze RT thaw 2,21580000,0.78125,27622400,freeze
293T,2,11.4 B,Flash Freeze RT thaw 2,5798000,0.1953125,29685760,freeze
293T,2,11.4 B,Flash Freeze RT thaw 2,1521000,0.048828125,31150080,freeze
293T,1,11.5 A,Flash Freeze 37 thaw 1,over,50,#VALUE!,freeze
293T,1,11.5 A,Flash Freeze 37 thaw 1,277100000,12.5,22168000,freeze
293T,1,11.5 A,Flash Freeze 37 thaw 1,81530000,3.125,26089600,freeze
293T,1,11.5 A,Flash Freeze 37 thaw 1,22520000,0.78125,28825600,freeze
293T,1,11.5 A,Flash Freeze 37 thaw 1,6667000,0.1953125,34135040,freeze
293T,1,11.5 A,Flash Freeze 37 thaw 1,2045000,0.048828125,41881600,freeze
293T,2,11.5 A,Flash Freeze 37 thaw 1,over,50,#VALUE!,freeze
293T,2,11.5 A,Flash Freeze 37 thaw 1,287700000,12.5,23016000,freeze
293T,2,11.5 A,Flash Freeze 37 thaw 1,80070000,3.125,25622400,freeze
293T,2,11.5 A,Flash Freeze 37 thaw 1,22610000,0.78125,28940800,freeze
293T,2,11.5 A,Flash Freeze 37 thaw 1,6967000,0.1953125,35671040,freeze
293T,2,11.5 A,Flash Freeze 37 thaw 1,1779000,0.048828125,36433920,freeze
293T,1,11.5 B,Flash Freeze 37 thaw 2,over,50,#VALUE!,freeze
293T,1,11.5 B,Flash Freeze 37 thaw 2,267100000,12.5,21368000,freeze
293T,1,11.5 B,Flash Freeze 37 thaw 2,82400000,3.125,26368000,freeze
293T,1,11.5 B,Flash Freeze 37 thaw 2,22750000,0.78125,29120000,freeze
293T,1,11.5 B,Flash Freeze 37 thaw 2,6619000,0.1953125,33889280,freeze
293T,1,11.5 B,Flash Freeze 37 thaw 2,1633000,0.048828125,33443840,freeze
293T,2,11.5 B,Flash Freeze 37 thaw 2,over,50,#VALUE!,freeze
293T,2,11.5 B,Flash Freeze 37 thaw 2,302400000,12.5,24192000,freeze
293T,2,11.5 B,Flash Freeze 37 thaw 2,89250000,3.125,28560000,freeze
293T,2,11.5 B,Flash Freeze 37 thaw 2,24700000,0.78125,31616000,freeze
293T,2,11.5 B,Flash Freeze 37 thaw 2,7002000,0.1953125,35850240,freeze
293T,2,11.5 B,Flash Freeze 37 thaw 2,1616000,0.048828125,33095680,freeze
293T-TIM1,1,1,bald,86890,50,1737.8,ct del
293T-TIM1,1,1,bald,51950,12.5,4156,ct del
293T-TIM1,1,1,bald,2959,3.125,946.88,ct del
293T-TIM1,1,1,bald,295.7,0.78125,378.496,ct del
293T-TIM1,1,1,bald,55.07,0.1953125,281.9584,ct del
293T-TIM1,1,1,bald,112.9,0.048828125,2312.192,ct del
293T-TIM1,2,1,bald,111000,50,2220,ct del
293T-TIM1,2,1,bald,25320,12.5,2025.6,ct del
293T-TIM1,2,1,bald,3751,3.125,1200.32,ct del
293T-TIM1,2,1,bald,199.9,0.78125,255.872,ct del
293T-TIM1,2,1,bald,46.53,0.1953125,238.2336,ct del
293T-TIM1,2,1,bald,1148,0.048828125,23511.04,ct del
293T-TIM1,1,2,F only,394400000,50,7888000,ct del
293T-TIM1,1,2,F only,130000000,12.5,10400000,ct del
293T-TIM1,1,2,F only,39150000,3.125,12528000,ct del
293T-TIM1,1,2,F only,9796000,0.78125,12538880,ct del
293T-TIM1,1,2,F only,2427000,0.1953125,12426240,ct del
293T-TIM1,1,2,F only,743800,0.048828125,15233024,ct del
293T-TIM1,2,2,F only,407100000,50,8142000,ct del
293T-TIM1,2,2,F only,127700000,12.5,10216000,ct del
293T-TIM1,2,2,F only,35600000,3.125,11392000,ct del
293T-TIM1,2,2,F only,10510000,0.78125,13452800,ct del
293T-TIM1,2,2,F only,2162000,0.1953125,11069440,ct del
293T-TIM1,2,2,F only,666900,0.048828125,13658112,ct del
293T-TIM1,1,3,full G,427900000,50,8558000,ct del
293T-TIM1,1,3,full G,144500000,12.5,11560000,ct del
293T-TIM1,1,3,full G,45160000,3.125,14451200,ct del
293T-TIM1,1,3,full G,12030000,0.78125,15398400,ct del
293T-TIM1,1,3,full G,3028000,0.1953125,15503360,ct del
293T-TIM1,1,3,full G,962000,0.048828125,19701760,ct del
293T-TIM1,2,3,full G,419800000,50,8396000,ct del
293T-TIM1,2,3,full G,142800000,12.5,11424000,ct del
293T-TIM1,2,3,full G,43590000,3.125,13948800,ct del
293T-TIM1,2,3,full G,12510000,0.78125,16012800,ct del
293T-TIM1,2,3,full G,2959000,0.1953125,15150080,ct del
293T-TIM1,2,3,full G,651500,0.048828125,13342720,ct del
293T-TIM1,1,4,G -3,345600000,50,6912000,ct del
293T-TIM1,1,4,G -3,124300000,12.5,9944000,ct del
293T-TIM1,1,4,G -3,38140000,3.125,12204800,ct del
293T-TIM1,1,4,G -3,9402000,0.78125,12034560,ct del
293T-TIM1,1,4,G -3,2996000,0.1953125,15339520,ct del
293T-TIM1,1,4,G -3,619400,0.048828125,12685312,ct del
293T-TIM1,2,4,G -3,362100000,50,7242000,ct del
293T-TIM1,2,4,G -3,119900000,12.5,9592000,ct del
293T-TIM1,2,4,G -3,37370000,3.125,11958400,ct del
293T-TIM1,2,4,G -3,9921000,0.78125,12698880,ct del
293T-TIM1,2,4,G -3,2462000,0.1953125,12605440,ct del
293T-TIM1,2,4,G -3,719500,0.048828125,14735360,ct del
293T-TIM1,1,5,G -7,364500000,50,7290000,ct del
293T-TIM1,1,5,G -7,125400000,12.5,10032000,ct del
293T-TIM1,1,5,G -7,35250000,3.125,11280000,ct del
293T-TIM1,1,5,G -7,8535000,0.78125,10924800,ct del
293T-TIM1,1,5,G -7,2094000,0.1953125,10721280,ct del
293T-TIM1,1,5,G -7,480100,0.048828125,9832448,ct del
293T-TIM1,2,5,G -7,396200000,50,7924000,ct del
293T-TIM1,2,5,G -7,136500000,12.5,10920000,ct del
293T-TIM1,2,5,G -7,35980000,3.125,11513600,ct del
293T-TIM1,2,5,G -7,8610000,0.78125,11020800,ct del
293T-TIM1,2,5,G -7,2172000,0.1953125,11120640,ct del
293T-TIM1,2,5,G -7,562400,0.048828125,11517952,ct del
293T-TIM1,1,6,G -11,over,50,#VALUE!,ct del
293T-TIM1,1,6,G -11,211900000,12.5,16952000,ct del
293T-TIM1,1,6,G -11,54380000,3.125,17401600,ct del
293T-TIM1,1,6,G -11,14800000,0.78125,18944000,ct del
293T-TIM1,1,6,G -11,3839000,0.1953125,19655680,ct del
293T-TIM1,1,6,G -11,770700,0.048828125,15783936,ct del
293T-TIM1,2,6,G -11,503000000,50,10060000,ct del
293T-TIM1,2,6,G -11,196500000,12.5,15720000,ct del
293T-TIM1,2,6,G -11,52840000,3.125,16908800,ct del
293T-TIM1,2,6,G -11,14090000,0.78125,18035200,ct del
293T-TIM1,2,6,G -11,4189000,0.1953125,21447680,ct del
293T-TIM1,2,6,G -11,1193000,0.048828125,24432640,ct del
293T-TIM1,1,7,G -15,over,50,#VALUE!,ct del
293T-TIM1,1,7,G -15,257500000,12.5,20600000,ct del
293T-TIM1,1,7,G -15,74240000,3.125,23756800,ct del
293T-TIM1,1,7,G -15,20080000,0.78125,25702400,ct del
293T-TIM1,1,7,G -15,5081000,0.1953125,26014720,ct del
293T-TIM1,1,7,G -15,1524000,0.048828125,31211520,ct del
293T-TIM1,2,7,G -15,over,50,#VALUE!,ct del
293T-TIM1,2,7,G -15,250300000,12.5,20024000,ct del
293T-TIM1,2,7,G -15,72210000,3.125,23107200,ct del
293T-TIM1,2,7,G -15,20490000,0.78125,26227200,ct del
293T-TIM1,2,7,G -15,5344000,0.1953125,27361280,ct del
293T-TIM1,2,7,G -15,1372000,0.048828125,28098560,ct del
293T-TIM1,1,8,G -19,over,50,#VALUE!,ct del
293T-TIM1,1,8,G -19,403000000,12.5,32240000,ct del
293T-TIM1,1,8,G -19,123700000,3.125,39584000,ct del
293T-TIM1,1,8,G -19,34680000,0.78125,44390400,ct del
293T-TIM1,1,8,G -19,9909000,0.1953125,50734080,ct del
293T-TIM1,1,8,G -19,2674000,0.048828125,54763520,ct del
293T-TIM1,2,8,G -19,over,50,#VALUE!,ct del
293T-TIM1,2,8,G -19,413600000,12.5,33088000,ct del
293T-TIM1,2,8,G -19,126400000,3.125,40448000,ct del
293T-TIM1,2,8,G -19,40150000,0.78125,51392000,ct del
293T-TIM1,2,8,G -19,9385000,0.1953125,48051200,ct del
293T-TIM1,2,8,G -19,2360000,0.048828125,48332800,ct del
293T-TIM1,1,9,G -23,over,50,#VALUE!,ct del
293T-TIM1,1,9,G -23,262200000,12.5,20976000,ct del
293T-TIM1,1,9,G -23,76080000,3.125,24345600,ct del
293T-TIM1,1,9,G -23,21340000,0.78125,27315200,ct del
293T-TIM1,1,9,G -23,5368000,0.1953125,27484160,ct del
293T-TIM1,1,9,G -23,1319000,0.048828125,27013120,ct del
293T-TIM1,2,9,G -23,over,50,#VALUE!,ct del
293T-TIM1,2,9,G -23,254100000,12.5,20328000,ct del
293T-TIM1,2,9,G -23,72690000,3.125,23260800,ct del
293T-TIM1,2,9,G -23,20920000,0.78125,26777600,ct del
293T-TIM1,2,9,G -23,5707000,0.1953125,29219840,ct del
293T-TIM1,2,9,G -23,1575000,0.048828125,32256000,ct del
293T-TIM1,1,10,G -27,over,50,#VALUE!,ct del
293T-TIM1,1,10,G -27,396300000,12.5,31704000,ct del
293T-TIM1,1,10,G -27,131300000,3.125,42016000,ct del
293T-TIM1,1,10,G -27,37040000,0.78125,47411200,ct del
293T-TIM1,1,10,G -27,10220000,0.1953125,52326400,ct del
293T-TIM1,1,10,G -27,2670000,0.048828125,54681600,ct del
293T-TIM1,2,10,G -27,442600000,12.5,35408000,ct del
293T-TIM1,2,10,G -27,144600000,3.125,46272000,ct del
293T-TIM1,2,10,G -27,42300000,0.78125,54144000,ct del
293T-TIM1,2,10,G -27,11170000,0.1953125,57190400,ct del
293T-TIM1,2,10,G -27,2984000,0.048828125,61112320,ct del
293T-TIM1,1,11,G -31,over,50,#VALUE!,ct del
293T-TIM1,1,11,G -31,over,12.5,#VALUE!,ct del
293T-TIM1,1,11,G -31,265500000,3.125,84960000,ct del
293T-TIM1,1,11,G -31,72840000,0.78125,93235200,ct del
293T-TIM1,1,11,G -31,19040000,0.1953125,97484800,ct del
293T-TIM1,1,11,G -31,4757000,0.048828125,97423360,ct del
293T-TIM1,2,11,G -31,over,50,#VALUE!,ct del
293T-TIM1,2,11,G -31,over,12.5,#VALUE!,ct del
293T-TIM1,2,11,G -31,244100000,3.125,78112000,ct del
293T-TIM1,2,11,G -31,67220000,0.78125,86041600,ct del
293T-TIM1,2,11,G -31,18580000,0.1953125,95129600,ct del
293T-TIM1,2,11,G -31,4454000,0.048828125,91217920,ct del
293T-TIM1,1,12,G -35,over,50,#VALUE!,ct del
293T-TIM1,1,12,G -35,448300000,12.5,35864000,ct del
293T-TIM1,1,12,G -35,128800000,3.125,41216000,ct del
293T-TIM1,1,12,G -35,35040000,0.78125,44851200,ct del
293T-TIM1,1,12,G -35,9634000,0.1953125,49326080,ct del
293T-TIM1,1,12,G -35,1990000,0.048828125,40755200,ct del
293T-TIM1,2,12,G -35,over,50,#VALUE!,ct del
293T-TIM1,2,12,G -35,446700000,12.5,35736000,ct del
293T-TIM1,2,12,G -35,130900000,3.125,41888000,ct del
293T-TIM1,2,12,G -35,37130000,0.78125,47526400,ct del
293T-TIM1,2,12,G -35,9784000,0.1953125,50094080,ct del
293T-TIM1,2,12,G -35,2238000,0.048828125,45834240,ct del
293T-TIM1,1,13,G only,107800,50,2156,ct del
293T-TIM1,1,13,G only,22150,12.5,1772,ct del
293T-TIM1,1,13,G only,3956,3.125,1265.92,ct del
293T-TIM1,1,13,G only,311.9,0.78125,399.232,ct del
293T-TIM1,1,13,G only,93.76,0.1953125,480.0512,ct del
293T-TIM1,1,13,G only,23.81,0.048828125,487.6288,ct del
293T-TIM1,2,13,G only,97570,50,1951.4,ct del
293T-TIM1,2,13,G only,61090,12.5,4887.2,ct del
293T-TIM1,2,13,G only,13690,3.125,4380.8,ct del
293T-TIM1,2,13,G only,324.5,0.78125,415.36,ct del
293T-TIM1,2,13,G only,423.3,0.1953125,2167.296,ct del
293T-TIM1,2,13,G only,54.72,0.048828125,1120.6656,ct del
293T-TIM1,1,14,full F,over,50,#VALUE!,ct del
293T-TIM1,1,14,full F,over,12.5,#VALUE!,ct del
293T-TIM1,1,14,full F,170600000,3.125,54592000,ct del
293T-TIM1,1,14,full F,48670000,0.78125,62297600,ct del
293T-TIM1,1,14,full F,12540000,0.1953125,64204800,ct del
293T-TIM1,1,14,full F,3876000,0.048828125,79380480,ct del
293T-TIM1,2,14,full F,over,50,#VALUE!,ct del
293T-TIM1,2,14,full F,over,12.5,#VALUE!,ct del
293T-TIM1,2,14,full F,167700000,3.125,53664000,ct del
293T-TIM1,2,14,full F,51510000,0.78125,65932800,ct del
293T-TIM1,2,14,full F,12100000,0.1953125,61952000,ct del
293T-TIM1,2,14,full F,3477000,0.048828125,71208960,ct del
293T-TIM1,1,15,F -4,over,50,#VALUE!,ct del
293T-TIM1,1,15,F -4,over,12.5,#VALUE!,ct del
293T-TIM1,1,15,F -4,256300000,3.125,82016000,ct del
293T-TIM1,1,15,F -4,75710000,0.78125,96908800,ct del
293T-TIM1,1,15,F -4,20270000,0.1953125,103782400,ct del
293T-TIM1,1,15,F -4,4601000,0.048828125,94228480,ct del
293T-TIM1,2,15,F -4,over,50,#VALUE!,ct del
293T-TIM1,2,15,F -4,over,12.5,#VALUE!,ct del
293T-TIM1,2,15,F -4,278900000,3.125,89248000,ct del
293T-TIM1,2,15,F -4,76830000,0.78125,98342400,ct del
293T-TIM1,2,15,F -4,20510000,0.1953125,105011200,ct del
293T-TIM1,2,15,F -4,5661000,0.048828125,115937280,ct del
293T-TIM1,1,16,F -8,over,50,#VALUE!,ct del
293T-TIM1,1,16,F -8,431500000,12.5,34520000,ct del
293T-TIM1,1,16,F -8,148000000,3.125,47360000,ct del
293T-TIM1,1,16,F -8,40270000,0.78125,51545600,ct del
293T-TIM1,1,16,F -8,10960000,0.1953125,56115200,ct del
293T-TIM1,1,16,F -8,3054000,0.048828125,62545920,ct del
293T-TIM1,2,16,F -8,over,50,#VALUE!,ct del
293T-TIM1,2,16,F -8,407100000,12.5,32568000,ct del
293T-TIM1,2,16,F -8,142900000,3.125,45728000,ct del
293T-TIM1,2,16,F -8,38260000,0.78125,48972800,ct del
293T-TIM1,2,16,F -8,10360000,0.1953125,53043200,ct del
293T-TIM1,2,16,F -8,2786000,0.048828125,57057280,ct del
293T-TIM1,1,17,F -12,over,50,#VALUE!,ct del
293T-TIM1,1,17,F -12,331400000,12.5,26512000,ct del
293T-TIM1,1,17,F -12,98280000,3.125,31449600,ct del
293T-TIM1,1,17,F -12,20830000,0.78125,26662400,ct del
293T-TIM1,1,17,F -12,4922000,0.1953125,25200640,ct del
293T-TIM1,1,17,F -12,1423000,0.048828125,29143040,ct del
293T-TIM1,2,17,F -12,over,50,#VALUE!,ct del
293T-TIM1,2,17,F -12,313700000,12.5,25096000,ct del
293T-TIM1,2,17,F -12,99560000,3.125,31859200,ct del
293T-TIM1,2,17,F -12,19990000,0.78125,25587200,ct del
293T-TIM1,2,17,F -12,4884000,0.1953125,25006080,ct del
293T-TIM1,2,17,F -12,1370000,0.048828125,28057600,ct del
293T-TIM1,1,18,F -16,2918000,50,58360,ct del
293T-TIM1,1,18,F -16,2005000,12.5,160400,ct del
293T-TIM1,1,18,F -16,918200,3.125,293824,ct del
293T-TIM1,1,18,F -16,362600,0.78125,464128,ct del
293T-TIM1,1,18,F -16,146200,0.1953125,748544,ct del
293T-TIM1,1,18,F -16,67020,0.048828125,1372569.6,ct del
293T-TIM1,2,18,F -16,985500,50,19710,ct del
293T-TIM1,2,18,F -16,533400,12.5,42672,ct del
293T-TIM1,2,18,F -16,234700,3.125,75104,ct del
293T-TIM1,2,18,F -16,117500,0.78125,150400,ct del
293T-TIM1,2,18,F -16,63590,0.1953125,325580.8,ct del
293T-TIM1,2,18,F -16,37910,0.048828125,776396.8,ct del
293T-TIM1,1,19,F -20,1094000,50,21880,ct del
293T-TIM1,1,19,F -20,320900,12.5,25672,ct del
293T-TIM1,1,19,F -20,140200,3.125,44864,ct del
293T-TIM1,1,19,F -20,73590,0.78125,94195.2,ct del
293T-TIM1,1,19,F -20,47710,0.1953125,244275.2,ct del
293T-TIM1,1,19,F -20,24720,0.048828125,506265.6,ct del
293T-TIM1,2,19,F -20,1013000,50,20260,ct del
293T-TIM1,2,19,F -20,433900,12.5,34712,ct del
293T-TIM1,2,19,F -20,157600,3.125,50432,ct del
293T-TIM1,2,19,F -20,72040,0.78125,92211.2,ct del
293T-TIM1,2,19,F -20,23760,0.1953125,121651.2,ct del
293T-TIM1,2,19,F -20,16450,0.048828125,336896,ct del
293T-TIM1,1,20,F -22,11340000,50,226800,ct del
293T-TIM1,1,20,F -22,3559000,12.5,284720,ct del
293T-TIM1,1,20,F -22,932000,3.125,298240,ct del
293T-TIM1,1,20,F -22,291700,0.78125,373376,ct del
293T-TIM1,1,20,F -22,62930,0.1953125,322201.6,ct del
293T-TIM1,1,20,F -22,33800,0.048828125,692224,ct del
293T-TIM1,2,20,F -22,11460000,50,229200,ct del
293T-TIM1,2,20,F -22,3784000,12.5,302720,ct del
293T-TIM1,2,20,F -22,1035000,3.125,331200,ct del
293T-TIM1,2,20,F -22,234800,0.78125,300544,ct del
293T-TIM1,2,20,F -22,79100,0.1953125,404992,ct del
293T-TIM1,2,20,F -22,22550,0.048828125,461824,ct del
293T-TIM1,1,21,VSV-G ,146700000,0.1,1467000000,ct del
293T-TIM1,1,21,VSV-G ,34380000,0.025,1375200000,ct del
293T-TIM1,1,21,VSV-G ,9404000,0.00625,1504640000,ct del
293T-TIM1,1,21,VSV-G ,2262000,0.0015625,1447680000,ct del
293T-TIM1,1,21,VSV-G ,584700,0.000390625,1496832000,ct del
293T-TIM1,1,21,VSV-G ,141800,9.77E-05,1452032000,ct del
293T-TIM1,2,21,VSV-G ,153100000,0.1,1531000000,ct del
293T-TIM1,2,21,VSV-G ,41020000,0.025,1640800000,ct del
293T-TIM1,2,21,VSV-G ,8847000,0.00625,1415520000,ct del
293T-TIM1,2,21,VSV-G ,2131000,0.0015625,1363840000,ct del
293T-TIM1,2,21,VSV-G ,564100,0.000390625,1444096000,ct del
293T-TIM1,2,21,VSV-G ,227900,9.77E-05,2333696000,ct del
293T-TIM1,1,11.1 A,Fresh 1,over,50,#VALUE!,freeze
293T-TIM1,1,11.1 A,Fresh 1,over,12.5,#VALUE!,freeze
293T-TIM1,1,11.1 A,Fresh 1,287500000,3.125,92000000,freeze
293T-TIM1,1,11.1 A,Fresh 1,98330000,0.78125,125862400,freeze
293T-TIM1,1,11.1 A,Fresh 1,26020000,0.1953125,133222400,freeze
293T-TIM1,1,11.1 A,Fresh 1,6442000,0.048828125,131932160,freeze
293T-TIM1,2,11.1 A,Fresh 1,over,50,#VALUE!,freeze
293T-TIM1,2,11.1 A,Fresh 1,over,12.5,#VALUE!,freeze
293T-TIM1,2,11.1 A,Fresh 1,264300000,3.125,84576000,freeze
293T-TIM1,2,11.1 A,Fresh 1,92870000,0.78125,118873600,freeze
293T-TIM1,2,11.1 A,Fresh 1,24670000,0.1953125,126310400,freeze
293T-TIM1,2,11.1 A,Fresh 1,7488000,0.048828125,153354240,freeze
293T-TIM1,1,11.1 B,Fresh 2,over,50,#VALUE!,freeze
293T-TIM1,1,11.1 B,Fresh 2,over,12.5,#VALUE!,freeze
293T-TIM1,1,11.1 B,Fresh 2,224200000,3.125,71744000,freeze
293T-TIM1,1,11.1 B,Fresh 2,64580000,0.78125,82662400,freeze
293T-TIM1,1,11.1 B,Fresh 2,12300000,0.1953125,62976000,freeze
293T-TIM1,1,11.1 B,Fresh 2,4644000,0.048828125,95109120,freeze
293T-TIM1,2,11.1 B,Fresh 2,over,50,#VALUE!,freeze
293T-TIM1,2,11.1 B,Fresh 2,over,12.5,#VALUE!,freeze
293T-TIM1,2,11.1 B,Fresh 2,232600000,3.125,74432000,freeze
293T-TIM1,2,11.1 B,Fresh 2,71810000,0.78125,91916800,freeze
293T-TIM1,2,11.1 B,Fresh 2,20070000,0.1953125,102758400,freeze
293T-TIM1,2,11.1 B,Fresh 2,5313000,0.048828125,108810240,freeze
293T-TIM1,1,11.2 A,-80 Freeze RT thaw 1,42470000,50,849400,freeze
293T-TIM1,1,11.2 A,-80 Freeze RT thaw 1,14110000,12.5,1128800,freeze
293T-TIM1,1,11.2 A,-80 Freeze RT thaw 1,4064000,3.125,1300480,freeze
293T-TIM1,1,11.2 A,-80 Freeze RT thaw 1,1187000,0.78125,1519360,freeze
293T-TIM1,1,11.2 A,-80 Freeze RT thaw 1,406700,0.1953125,2082304,freeze
293T-TIM1,1,11.2 A,-80 Freeze RT thaw 1,133300,0.048828125,2729984,freeze
293T-TIM1,2,11.2 A,-80 Freeze RT thaw 1,42920000,50,858400,freeze
293T-TIM1,2,11.2 A,-80 Freeze RT thaw 1,12810000,12.5,1024800,freeze
293T-TIM1,2,11.2 A,-80 Freeze RT thaw 1,3857000,3.125,1234240,freeze
293T-TIM1,2,11.2 A,-80 Freeze RT thaw 1,1254000,0.78125,1605120,freeze
293T-TIM1,2,11.2 A,-80 Freeze RT thaw 1,225800,0.1953125,1156096,freeze
293T-TIM1,2,11.2 A,-80 Freeze RT thaw 1,97510,0.048828125,1997004.8,freeze
293T-TIM1,1,11.2 B,-80 Freeze RT thaw 2,over,50,#VALUE!,freeze
293T-TIM1,1,11.2 B,-80 Freeze RT thaw 2,508700000,12.5,40696000,freeze
293T-TIM1,1,11.2 B,-80 Freeze RT thaw 2,156600000,3.125,50112000,freeze
293T-TIM1,1,11.2 B,-80 Freeze RT thaw 2,50670000,0.78125,64857600,freeze
293T-TIM1,1,11.2 B,-80 Freeze RT thaw 2,14840000,0.1953125,75980800,freeze
293T-TIM1,1,11.2 B,-80 Freeze RT thaw 2,4105000,0.048828125,84070400,freeze
293T-TIM1,2,11.2 B,-80 Freeze RT thaw 2,over,50,#VALUE!,freeze
293T-TIM1,2,11.2 B,-80 Freeze RT thaw 2,492300000,12.5,39384000,freeze
293T-TIM1,2,11.2 B,-80 Freeze RT thaw 2,163900000,3.125,52448000,freeze
293T-TIM1,2,11.2 B,-80 Freeze RT thaw 2,49210000,0.78125,62988800,freeze
293T-TIM1,2,11.2 B,-80 Freeze RT thaw 2,14540000,0.1953125,74444800,freeze
293T-TIM1,2,11.2 B,-80 Freeze RT thaw 2,3319000,0.048828125,67973120,freeze
293T-TIM1,1,11.3 A,-80 Freeze 37 thaw 1,3697000,50,73940,freeze
293T-TIM1,1,11.3 A,-80 Freeze 37 thaw 1,2124000,12.5,169920,freeze
293T-TIM1,1,11.3 A,-80 Freeze 37 thaw 1,902500,3.125,288800,freeze
293T-TIM1,1,11.3 A,-80 Freeze 37 thaw 1,310600,0.78125,397568,freeze
293T-TIM1,1,11.3 A,-80 Freeze 37 thaw 1,103100,0.1953125,527872,freeze
293T-TIM1,1,11.3 A,-80 Freeze 37 thaw 1,36450,0.048828125,746496,freeze
293T-TIM1,2,11.3 A,-80 Freeze 37 thaw 1,1518000,50,30360,freeze
293T-TIM1,2,11.3 A,-80 Freeze 37 thaw 1,521500,12.5,41720,freeze
293T-TIM1,2,11.3 A,-80 Freeze 37 thaw 1,191500,3.125,61280,freeze
293T-TIM1,2,11.3 A,-80 Freeze 37 thaw 1,51620,0.78125,66073.6,freeze
293T-TIM1,2,11.3 A,-80 Freeze 37 thaw 1,14930,0.1953125,76441.6,freeze
293T-TIM1,2,11.3 A,-80 Freeze 37 thaw 1,6830,0.048828125,139878.4,freeze
293T-TIM1,1,11.3 B,-80 Freeze 37 thaw 2,1088000,50,21760,freeze
293T-TIM1,1,11.3 B,-80 Freeze 37 thaw 2,515600,12.5,41248,freeze
293T-TIM1,1,11.3 B,-80 Freeze 37 thaw 2,215100,3.125,68832,freeze
293T-TIM1,1,11.3 B,-80 Freeze 37 thaw 2,55560,0.78125,71116.8,freeze
293T-TIM1,1,11.3 B,-80 Freeze 37 thaw 2,22320,0.1953125,114278.4,freeze
293T-TIM1,1,11.3 B,-80 Freeze 37 thaw 2,9447,0.048828125,193474.56,freeze
293T-TIM1,2,11.3 B,-80 Freeze 37 thaw 2,4506000,50,90120,freeze
293T-TIM1,2,11.3 B,-80 Freeze 37 thaw 2,2644000,12.5,211520,freeze
293T-TIM1,2,11.3 B,-80 Freeze 37 thaw 2,1023000,3.125,327360,freeze
293T-TIM1,2,11.3 B,-80 Freeze 37 thaw 2,382500,0.78125,489600,freeze
293T-TIM1,2,11.3 B,-80 Freeze 37 thaw 2,135400,0.1953125,693248,freeze
293T-TIM1,2,11.3 B,-80 Freeze 37 thaw 2,45300,0.048828125,927744,freeze
293T-TIM1,1,11.4 A,Flash Freeze RT thaw 1,over,50,#VALUE!,freeze
293T-TIM1,1,11.4 A,Flash Freeze RT thaw 1,over,12.5,#VALUE!,freeze
293T-TIM1,1,11.4 A,Flash Freeze RT thaw 1,196100000,3.125,62752000,freeze
293T-TIM1,1,11.4 A,Flash Freeze RT thaw 1,60520000,0.78125,77465600,freeze
293T-TIM1,1,11.4 A,Flash Freeze RT thaw 1,16500000,0.1953125,84480000,freeze
293T-TIM1,1,11.4 A,Flash Freeze RT thaw 1,3951000,0.048828125,80916480,freeze
293T-TIM1,2,11.4 A,Flash Freeze RT thaw 1,over,50,#VALUE!,freeze
293T-TIM1,2,11.4 A,Flash Freeze RT thaw 1,over,12.5,#VALUE!,freeze
293T-TIM1,2,11.4 A,Flash Freeze RT thaw 1,195500000,3.125,62560000,freeze
293T-TIM1,2,11.4 A,Flash Freeze RT thaw 1,61000000,0.78125,78080000,freeze
293T-TIM1,2,11.4 A,Flash Freeze RT thaw 1,15530000,0.1953125,79513600,freeze
293T-TIM1,2,11.4 A,Flash Freeze RT thaw 1,4483000,0.048828125,91811840,freeze
293T-TIM1,1,11.4 B,Flash Freeze RT thaw 2,over,50,#VALUE!,freeze
293T-TIM1,1,11.4 B,Flash Freeze RT thaw 2,over,12.5,#VALUE!,freeze
293T-TIM1,1,11.4 B,Flash Freeze RT thaw 2,194700000,3.125,62304000,freeze
293T-TIM1,1,11.4 B,Flash Freeze RT thaw 2,61380000,0.78125,78566400,freeze
293T-TIM1,1,11.4 B,Flash Freeze RT thaw 2,17710000,0.1953125,90675200,freeze
293T-TIM1,1,11.4 B,Flash Freeze RT thaw 2,4347000,0.048828125,89026560,freeze
293T-TIM1,2,11.4 B,Flash Freeze RT thaw 2,over,50,#VALUE!,freeze
293T-TIM1,2,11.4 B,Flash Freeze RT thaw 2,over,12.5,#VALUE!,freeze
293T-TIM1,2,11.4 B,Flash Freeze RT thaw 2,192600000,3.125,61632000,freeze
293T-TIM1,2,11.4 B,Flash Freeze RT thaw 2,62300000,0.78125,79744000,freeze
293T-TIM1,2,11.4 B,Flash Freeze RT thaw 2,16320000,0.1953125,83558400,freeze
293T-TIM1,2,11.4 B,Flash Freeze RT thaw 2,4064000,0.048828125,83230720,freeze
293T-TIM1,1,11.5 A,Flash Freeze 37 thaw 1,over,50,#VALUE!,freeze
293T-TIM1,1,11.5 A,Flash Freeze 37 thaw 1,over,12.5,#VALUE!,freeze
293T-TIM1,1,11.5 A,Flash Freeze 37 thaw 1,215800000,3.125,69056000,freeze
293T-TIM1,1,11.5 A,Flash Freeze 37 thaw 1,64160000,0.78125,82124800,freeze
293T-TIM1,1,11.5 A,Flash Freeze 37 thaw 1,18600000,0.1953125,95232000,freeze
293T-TIM1,1,11.5 A,Flash Freeze 37 thaw 1,5168000,0.048828125,105840640,freeze
293T-TIM1,2,11.5 A,Flash Freeze 37 thaw 1,over,50,#VALUE!,freeze
293T-TIM1,2,11.5 A,Flash Freeze 37 thaw 1,over,12.5,#VALUE!,freeze
293T-TIM1,2,11.5 A,Flash Freeze 37 thaw 1,211700000,3.125,67744000,freeze
293T-TIM1,2,11.5 A,Flash Freeze 37 thaw 1,65250000,0.78125,83520000,freeze
293T-TIM1,2,11.5 A,Flash Freeze 37 thaw 1,15340000,0.1953125,78540800,freeze
293T-TIM1,2,11.5 A,Flash Freeze 37 thaw 1,4110000,0.048828125,84172800,freeze
293T-TIM1,1,11.5 B,Flash Freeze 37 thaw 2,over,50,#VALUE!,freeze
293T-TIM1,1,11.5 B,Flash Freeze 37 thaw 2,over,12.5,#VALUE!,freeze
293T-TIM1,1,11.5 B,Flash Freeze 37 thaw 2,214800000,3.125,68736000,freeze
293T-TIM1,1,11.5 B,Flash Freeze 37 thaw 2,68130000,0.78125,87206400,freeze
293T-TIM1,1,11.5 B,Flash Freeze 37 thaw 2,17850000,0.1953125,91392000,freeze
293T-TIM1,1,11.5 B,Flash Freeze 37 thaw 2,4259000,0.048828125,87224320,freeze
293T-TIM1,2,11.5 B,Flash Freeze 37 thaw 2,over,50,#VALUE!,freeze
293T-TIM1,2,11.5 B,Flash Freeze 37 thaw 2,over,12.5,#VALUE!,freeze
293T-TIM1,2,11.5 B,Flash Freeze 37 thaw 2,225400000,3.125,72128000,freeze
293T-TIM1,2,11.5 B,Flash Freeze 37 thaw 2,66340000,0.78125,84915200,freeze
293T-TIM1,2,11.5 B,Flash Freeze 37 thaw 2,18200000,0.1953125,93184000,freeze
293T-TIM1,2,11.5 B,Flash Freeze 37 thaw 2,4627000,0.048828125,94760960,freeze