,Unnamed: 0,serum,virus,replicate,nreplicates,ic50,ic50_bound,ic50_str,midpoint,midpoint_bound,midpoint_bound_type,slope,top,bottom,r2,rmsd,NT50,Experiment_Rep
0,0,85_1,RSV B N201T,average,2,0.0017575218178125,interpolated,0.00176,0.0017575218178125,0.0017575218178125,interpolated,1.863186317764364,1.0,0.0,0.9518462867454138,0.0849359952778584,568.9829792523716,1
1,1,85_1,RSV B N201S,average,2,0.0006470635383629,interpolated,0.000647,0.0006470635383629,0.0006470635383629,interpolated,0.9566506439776647,1.0,0.0,0.9184913246316804,0.0999796526741367,1545.44328448802,1
2,2,85_1,RSV B 1992,average,2,0.0008865117245449,interpolated,0.000887,0.0008865117245449,0.0008865117245449,interpolated,1.3763824544934908,1.0,0.0,0.9762090196527088,0.0607263112454813,1128.016666122899,1
3,3,85_1,RSV B 2019,average,2,0.0006561722295692,interpolated,0.000656,0.0006561722295692,0.0006561722295692,interpolated,1.4090650739897386,1.0,0.0,0.98593351456873,0.0487948157803772,1523.9901278000364,1
4,4,85_1,RSV B 1982,average,2,0.0005624323160838,interpolated,0.000562,0.0005624323160838,0.0005624323160838,interpolated,0.9593014568404018,1.0,0.0,0.7446271493287899,0.2121695030080565,1777.9917181199176,1
5,5,85_1,RSV B 2024,average,2,0.0004151588560976,interpolated,0.000415,0.0004151588560976,0.0004151588560976,interpolated,0.6978234668070104,1.0,0.0,0.9480373826039552,0.0759329037152606,2408.716531786833,1
6,6,85_1,RSV A 1982,average,2,0.0005029164403506,interpolated,0.000503,0.0005029164403506,0.0005029164403506,interpolated,1.2932150119316173,1.0,0.0,0.9441301998323376,0.0945022845388945,1988.4018889954489,1
7,7,85_1,RSV A 2020,average,2,0.0004481180053697,interpolated,0.000448,0.0004481180053697,0.0004481180053697,interpolated,1.4897545008684887,1.0,0.0,0.9573070310601772,0.100182294060078,2231.55505473384,1
8,8,85_2,RSV B N201T,average,2,0.0023207032907161,interpolated,0.00232,0.0023207032907161,0.0023207032907161,interpolated,2.452585843333902,1.0,0.0,0.829725394147051,0.1771272518842337,430.90385746444554,1
9,9,85_2,RSV B N201S,average,2,0.0011885830468318,interpolated,0.00119,0.0011885830468318,0.0011885830468318,interpolated,0.7275402557614498,1.0,0.0,0.9718119989412832,0.0506047865945811,841.3379297858294,1
10,10,85_2,RSV B 1982,average,2,0.001420755622151,interpolated,0.00142,0.001420755622151,0.001420755622151,interpolated,2.733523791676048,1.0,0.0,0.7047153898344977,0.1768486408556639,703.8508131933462,1
11,11,85_2,RSV B 1992,average,2,0.0009655227187614,interpolated,0.000966,0.0009655227187614,0.0009655227187614,interpolated,1.193036966298721,1.0,0.0,0.9866676561955569,0.0470371273790021,1035.7084101374937,1
12,12,85_2,RSV B 2019,average,2,0.0010715380142411,interpolated,0.00107,0.0010715380142411,0.0010715380142411,interpolated,1.9933377100424017,1.0,0.0,0.9834457988650088,0.0590170391592595,933.2380062206513,1
13,13,85_2,RSV B 2024,average,2,0.0006323176074867,interpolated,0.000632,0.0006323176074867,0.0006323176074867,interpolated,0.8635297313779227,1.0,0.0,0.9875816845736308,0.0406931542216885,1581.4837166637553,1
14,14,85_2,RSV A 1982,average,2,0.0020177655099584,interpolated,0.00202,0.0020177655099584,0.0020177655099584,interpolated,1.55441966644208,1.0,0.0,0.9189656897284084,0.114656208069675,495.5977268243706,1
15,15,85_2,RSV A 2020,average,2,0.0020030770979302,interpolated,0.002,0.0020030770979302,0.0020030770979302,interpolated,1.6850223209430817,1.0,0.0,0.80329267565559,0.2277155516783086,499.23190726573137,1
16,16,85_4,RSV B N201T,average,2,0.0035407102884744,interpolated,0.00354,0.0035407102884744,0.0035407102884744,interpolated,3.037570392459403,1.0,0.0,0.8148670503197144,0.1566396135975791,282.42920728509364,1
17,17,85_4,RSV B N201S,average,2,0.0046584825987146,interpolated,0.00466,0.0046584825987146,0.0046584825987146,interpolated,1.2381020125512872,1.0,0.0,0.9138701423776582,0.0795639403495515,214.66217353176907,1
18,18,85_4,RSV B 1982,average,2,0.001469452115202,interpolated,0.00147,0.001469452115202,0.001469452115202,interpolated,1.1332119296021246,1.0,0.0,0.897064585555882,0.1024961665594311,680.5257481034241,1
19,19,85_4,RSV B 1992,average,2,0.0010573879830955,interpolated,0.00106,0.0010573879830955,0.0010573879830955,interpolated,2.476856289887248,1.0,0.0,0.9288442025022764,0.1359345366947866,945.7266547256411,1
20,20,85_4,RSV B 2019,average,2,0.0016995695308743,interpolated,0.0017,0.0016995695308743,0.0016995695308743,interpolated,1.7251492332507272,1.0,0.0,0.9910699643310432,0.0395708220902911,588.3842830987771,1
21,21,85_4,RSV B 2024,average,2,0.003024828577455,interpolated,0.00302,0.003024828577455,0.003024828577455,interpolated,0.9920197046113332,1.0,0.0,0.9571885621602324,0.0639309918435598,330.5972468831176,1
22,22,85_4,RSV A 1982,average,2,0.0015465712709117,interpolated,0.00155,0.0015465712709117,0.0015465712709117,interpolated,1.725517234655506,1.0,0.0,0.7970594865395728,0.1788519327957072,646.5916048023461,1
23,23,85_4,RSV A 2020,average,2,0.0014703976115697,interpolated,0.00147,0.0014703976115697,0.0014703976115697,interpolated,1.735311436699378,1.0,0.0,0.9857002757476504,0.0501518612184839,680.0881558372946,1
24,24,85_6,RSV B N201T,average,2,0.0007185367771852,interpolated,0.000719,0.0007185367771852,0.0007185367771852,interpolated,1.505019537228056,1.0,0.0,0.9705442790800098,0.0718681572736138,1391.7172116330714,1
25,25,85_6,RSV B N201S,average,2,0.0006115526920339,interpolated,0.000612,0.0006115526920339,0.0006115526920339,interpolated,0.7831059870734118,1.0,0.0,0.9655810094402754,0.0604329229085296,1635.1820751114726,1
26,26,85_6,RSV B 1992,average,2,0.0004888485854972,interpolated,0.000489,0.0004888485854972,0.0004888485854972,interpolated,1.9185468931796028,1.0,0.0,0.9609092441859408,0.092502433872327,2045.623184084528,1
27,27,85_6,RSV B 2019,average,2,0.0003702909155091,interpolated,0.00037,0.0003702909155091,0.0003702909155091,interpolated,1.5091597548445648,1.0,0.0,0.9857692789509784,0.052560948740888,2700.5793502255788,1
28,28,85_6,RSV B 1982,average,2,0.0002541183246231,interpolated,0.000254,0.0002541183246231,0.0002541183246231,interpolated,0.7557465340117725,1.0,0.0,0.8877578331512566,0.1298952336425422,3935.1746926679425,1
29,29,85_6,RSV A 1982,average,2,0.0008727810868606,interpolated,0.000873,0.0008727810868606,0.0008727810868606,interpolated,2.131462493109521,1.0,0.0,0.8980800656411437,0.1706328574190689,1145.762683282938,1
30,30,85_6,RSV B 2024,average,2,0.0002814270666775,interpolated,0.000281,0.0002814270666775,0.0002814270666775,interpolated,0.8389416668629708,1.0,0.0,0.9837277839060792,0.0457883400879279,3553.318491380025,1
31,31,85_6,RSV A 2020,average,2,0.0003396006640102,interpolated,0.00034,0.0003396006640102,0.0003396006640102,interpolated,0.9613797068697796,1.0,0.0,0.935844859770309,0.0937458686671618,2944.6349962671593,1
32,32,86_1,RSV B N201T,average,2,0.0005140382043454,interpolated,0.000514,0.0005140382043454,0.0005140382043454,interpolated,1.8507296110768128,1.0,0.0,0.950419175782216,0.1057473588291193,1945.3806965057126,1
33,33,86_1,RSV B N201S,average,2,0.0004034049914308,interpolated,0.000403,0.0004034049914308,0.0004034049914308,interpolated,1.174375338098091,1.0,0.0,0.9692866199956192,0.0676047065827641,2478.898430218209,1
34,34,86_1,RSV B 1982,average,2,0.0003127704039591,interpolated,0.000313,0.0003127704039591,0.0003127704039591,interpolated,1.3772889479972044,1.0,0.0,0.9359487937431014,0.1017549783738893,3197.233457327909,1
35,35,86_1,RSV B 1992,average,2,0.0002903439473423,interpolated,0.00029,0.0002903439473423,0.0002903439473423,interpolated,1.5096553609102847,1.0,0.0,0.9955905882122784,0.0294156324534354,3444.1909643842287,1
36,36,86_1,RSV B 2019,average,2,0.0002808204776626,interpolated,0.000281,0.0002808204776626,0.0002808204776626,interpolated,1.4206117115879644,1.0,0.0,0.9960507501047368,0.0262187184301748,3560.993871684384,1
37,37,86_1,RSV A 1982,average,2,0.0007401935305096,interpolated,0.00074,0.0007401935305096,0.0007401935305096,interpolated,1.7161262052577873,1.0,0.0,0.8757639594855864,0.1857545738219526,1350.9980279232263,1
38,38,86_1,RSV B 2024,average,2,0.0001659455330599,interpolated,0.000166,0.0001659455330599,0.0001659455330599,interpolated,0.7675841161669007,1.0,0.0,0.9792875961593572,0.0502491884017138,6026.073625248099,1
39,39,86_1,RSV A 2020,average,2,0.0002267952787505,interpolated,0.000227,0.0002267952787505,0.0002267952787505,interpolated,0.9369081656720404,1.0,0.0,0.9545170497105108,0.0774758006753912,4409.262862566514,1
40,40,86_2,RSV B N201T,average,2,0.0009382261887971,interpolated,0.000938,0.0009382261887971,0.0009382261887971,interpolated,2.205556335671229,1.0,0.0,0.9071558395850298,0.1458457814212141,1065.841064703278,1
41,41,86_2,RSV B N201S,average,2,0.0009978159118333,interpolated,0.000998,0.0009978159118333,0.0009978159118333,interpolated,0.8352618392673917,1.0,0.0,0.9134092552554286,0.0932494053569359,1002.1888688492521,1
42,42,86_2,RSV B 1992,average,2,0.0004140517772901,interpolated,0.000414,0.0004140517772901,0.0004140517772901,interpolated,1.4154476273282266,1.0,0.0,0.9944441399482924,0.0306476457424046,2415.1568833850533,1
43,43,86_2,RSV B 2019,average,2,0.0002185361358217,interpolated,0.000219,0.0002185361358217,0.0002185361358217,interpolated,1.0555335370514822,1.0,0.0,0.9768399667312584,0.0586970738096383,4575.902270075295,1
44,44,86_2,RSV B 1982,average,2,0.0002436150961043,interpolated,0.000244,0.0002436150961043,0.0002436150961043,interpolated,0.4652274984656777,1.0,0.0,0.8810581352049625,0.0998867170742556,4104.835931726766,1
45,45,86_2,RSV A 1982,average,2,0.0004299239151043,interpolated,0.00043,0.0004299239151043,0.0004299239151043,interpolated,1.993263287338184,1.0,0.0,0.8156189893290233,0.2445290892270806,2325.9929603064743,1
46,46,86_2,RSV B 2024,average,2,0.0003236246990779,interpolated,0.000324,0.0003236246990779,0.0003236246990779,interpolated,0.8338737683004531,1.0,0.0,0.9808807704592208,0.0496066787412632,3089.99901073462,1
47,47,86_2,RSV A 2020,average,2,0.0001686503050683,interpolated,0.000169,0.0001686503050683,0.0001686503050683,interpolated,1.159233771370401,1.0,0.0,0.9097086259785432,0.1155287687014849,5929.428942301764,1
48,48,86_4,RSV B N201T,average,2,0.0002434024423396,interpolated,0.000243,0.0002434024423396,0.0002434024423396,interpolated,1.5072768548971105,1.0,0.0,0.9883429310428006,0.043715449727387,4108.422209686704,1
49,49,86_4,RSV B N201S,average,2,0.0002429667315787,interpolated,0.000243,0.0002429667315787,0.0002429667315787,interpolated,0.524040911877551,1.0,0.0,0.9060356773783476,0.0911957911349526,4115.789818229034,1
50,50,86_4,RSV B 1982,average,2,0.0004445265356475,interpolated,0.000445,0.0004445265356475,0.0004445265356475,interpolated,1.9448112248075975,1.0,0.0,0.8061447284361243,0.2071825028742547,2249.584490031386,1
51,51,86_4,RSV B 1992,average,2,0.0002045748194114,interpolated,0.000205,0.0002045748194114,0.0002045748194114,interpolated,1.4612444094923656,1.0,0.0,0.9948627704788852,0.029892895668095,4888.1871330850345,1
52,52,86_4,RSV B 2019,average,2,0.0001944060646011,interpolated,0.000194,0.0001944060646011,0.0001944060646011,interpolated,1.7854805248586754,1.0,0.0,0.9869166732101444,0.0532619764183071,5143.872450954093,1
53,53,86_4,RSV B 2024,average,2,0.0001400168128093,interpolated,0.00014,0.0001400168128093,0.0001400168128093,interpolated,0.9437226217022988,1.0,0.0,0.9918850774587008,0.0339551821497636,7141.999449465967,1
54,54,86_4,RSV A 1982,average,2,0.0012117586001519,interpolated,0.00121,0.0012117586001519,0.0012117586001519,interpolated,2.6124945083842377,1.0,0.0,0.6361680005484647,0.4176673630622476,825.2468766259591,1
55,55,86_4,RSV A 2020,average,2,0.0003619700470936,interpolated,0.000362,0.0003619700470936,0.0003619700470936,interpolated,0.9952140734926956,1.0,0.0,0.9781977678171732,0.0589881932446286,2762.659529509123,1
56,56,86_6,RSV B N201T,average,2,0.000679071164712,interpolated,0.000679,0.000679071164712,0.000679071164712,interpolated,1.487813698852772,1.0,0.0,0.9965765661676492,0.0233716978046209,1472.5997096697645,1
57,57,86_6,RSV B N201S,average,2,0.0005299642075174,interpolated,0.00053,0.0005299642075174,0.0005299642075174,interpolated,0.7780502012140429,1.0,0.0,0.9639154403180108,0.0642728641692087,1886.919882164245,1
58,58,86_6,RSV B 1982,average,2,0.0006182372587944,interpolated,0.000618,0.0006182372587944,0.0006182372587944,interpolated,0.9733746528229964,1.0,0.0,0.8093537186768783,0.1992429853800243,1617.5019958358066,1
59,59,86_6,RSV B 1992,average,2,0.0004795357622207,interpolated,0.00048,0.0004795357622207,0.0004795357622207,interpolated,1.6370180156594818,1.0,0.0,0.9833413314438084,0.0599390170476568,2085.350204892046,1
60,60,86_6,RSV B 2019,average,2,0.0004164726167226,interpolated,0.000416,0.0004164726167226,0.0004164726167226,interpolated,1.6551668221060762,1.0,0.0,0.993128949219578,0.0376156586349024,2401.1182484683504,1
61,61,86_6,RSV B 2024,average,2,0.000190634166552,interpolated,0.000191,0.000190634166552,0.000190634166552,interpolated,0.7455557044421246,1.0,0.0,0.966002889288714,0.063266188252437,5245.649392692817,1
62,62,86_6,RSV A 1982,average,2,0.0009351084100949,interpolated,0.000935,0.0009351084100949,0.0009351084100949,interpolated,22.277538848080845,1.0,0.0,0.5324552374488705,0.5361828034963901,1069.3947238679143,1
63,63,86_6,RSV A 2020,average,2,0.0003597851099108,interpolated,0.00036,0.0003597851099108,0.0003597851099108,interpolated,1.0556986263006782,1.0,0.0,0.9707358391692584,0.0661079664521849,2779.436870658504,1
64,64,85_3,RSV B N201T,average,2,0.0001553116084474,interpolated,0.000155,0.0001553116084474,0.0001553116084474,interpolated,1.4423855417316072,1.0,0.0,0.9944745042629658,0.0311530796783115,6438.668751142796,1
65,65,85_3,RSV B N201S,average,2,0.0001280870736621,interpolated,0.000128,0.0001280870736621,0.0001280870736621,interpolated,0.6772425325320491,1.0,0.0,0.8868447145029335,0.1195240842941254,7807.189058265545,1
66,66,85_3,RSV B 1992,average,2,0.0001392646877735,interpolated,0.000139,0.0001392646877735,0.0001392646877735,interpolated,1.845927340903697,1.0,0.0,0.9795414546144044,0.0679403108530774,7180.571155456144,1
67,67,85_3,RSV B 2019,average,2,9.783037816467216e-05,interpolated,9.78e-05,9.783037816467216e-05,9.783037816467216e-05,interpolated,1.919677617409388,1.0,0.0,0.9713791990928838,0.082573420848438,10221.773837128161,1
68,68,85_3,RSV B 1982,average,2,0.0001684235084368,interpolated,0.000168,0.0001684235084368,0.0001684235084368,interpolated,1.117575099570029,1.0,0.0,0.9079216167159696,0.1307460410459001,5937.413424535355,1
69,69,85_3,RSV B 2024,average,2,8.549894891413378e-05,interpolated,8.55e-05,8.549894891413378e-05,8.549894891413378e-05,interpolated,0.8918225410490026,1.0,0.0,0.9762048991707624,0.053561848221911,11696.050216995014,1
70,70,85_3,RSV A 1982,average,2,0.0006885170160394,interpolated,0.000689,0.0006885170160394,0.0006885170160394,interpolated,4.505719185230783,1.0,0.0,0.5870433843104184,0.5192599538254111,1452.3969294940064,1
71,71,85_3,RSV A 2020,average,2,9.745101469762278e-05,interpolated,9.75e-05,9.745101469762278e-05,9.745101469762278e-05,interpolated,0.9278115666483888,1.0,0.0,0.9548193434414666,0.0787915121304584,10261.565804141328,1
72,72,87_4,RSV B N201T,average,2,0.000351780576312,interpolated,0.000352,0.000351780576312,0.000351780576312,interpolated,1.3685689060355792,1.0,0.0,0.9914912201820842,0.0380789015909584,2842.6811124247047,1
73,73,87_4,RSV B N201S,average,2,0.0004277204888726,interpolated,0.000428,0.0004277204888726,0.0004277204888726,interpolated,1.035305222980312,1.0,0.0,0.950618105950492,0.078931122241512,2337.9754442809917,1
74,74,87_4,RSV B 1992,average,2,0.0003099526424732,interpolated,0.00031,0.0003099526424732,0.0003099526424732,interpolated,1.7720091641995246,1.0,0.0,0.9553882065859728,0.1027915899797291,3226.2993211502135,1
75,75,87_4,RSV B 2019,average,2,0.0002350588445167,interpolated,0.000235,0.0002350588445167,0.0002350588445167,interpolated,1.7620023419583433,1.0,0.0,0.9673006185978116,0.0869224738590084,4254.25387441209,1
76,76,87_4,RSV B 1982,average,2,0.0002282615528539,interpolated,0.000228,0.0002282615528539,0.0002282615528539,interpolated,0.991526410748668,1.0,0.0,0.826253231105713,0.1758687139638685,4380.939266807035,1
77,77,87_4,RSV B 2024,average,2,0.0001983832466321,interpolated,0.000198,0.0001983832466321,0.0001983832466321,interpolated,0.8830549750043458,1.0,0.0,0.9759694232676293,0.0581966151564282,5040.748233415553,1
78,78,87_4,RSV A 1982,average,2,0.0008273742962065,interpolated,0.000827,0.0008273742962065,0.0008273742962065,interpolated,2.577999703936384,1.0,0.0,0.9584627498264504,0.0951100778561355,1208.642816902805,1
79,79,87_4,RSV A 2020,average,2,0.0003022391492683,interpolated,0.000302,0.0003022391492683,0.0003022391492683,interpolated,16.089296474614592,1.0,0.0,0.9570531714217784,0.0957554599271045,3308.6382171897008,1
80,80,85_7,RSV B N201T,average,2,0.0002267952905925,interpolated,0.000227,0.0002267952905925,0.0002267952905925,interpolated,1.5209851245824717,1.0,0.0,0.987663244263359,0.0491393188654888,4409.2626323391105,1
81,81,85_7,RSV B N201S,average,2,0.0002884558094872,interpolated,0.000288,0.0002884558094872,0.0002884558094872,interpolated,0.9229796028210906,1.0,0.0,0.9816832266054876,0.0504155813333573,3466.7355175745706,1
82,82,85_7,RSV B 1992,average,2,0.0001923336013279,interpolated,0.000192,0.0001923336013279,0.0001923336013279,interpolated,1.7066005945347391,1.0,0.0,0.981132077520327,0.063610907282527,5199.299514467832,1
83,83,85_7,RSV B 2019,average,2,0.0001451628526348,interpolated,0.000145,0.0001451628526348,0.0001451628526348,interpolated,1.682672633245023,1.0,0.0,0.9691504824865554,0.0852791105565208,6888.814747363743,1
84,84,85_7,RSV B 1982,average,2,0.0001393910286131,interpolated,0.000139,0.0001393910286131,0.0001393910286131,interpolated,1.4336392291210305,1.0,0.0,0.9083009201373258,0.114386682717281,7174.06285002491,1
85,85,85_7,RSV B 2024,average,2,0.0001374153106758,interpolated,0.000137,0.0001374153106758,0.0001374153106758,interpolated,0.8949803158833924,1.0,0.0,0.9821580731094836,0.050743577451542,7277.2094687415965,1
86,86,85_7,RSV A 1982,average,2,0.0007170396009838,interpolated,0.000717,0.0007170396009838,0.0007170396009838,interpolated,2.353250708086892,1.0,0.0,0.9693956063914038,0.0781349686668584,1394.623112346891,1
87,87,85_7,RSV A 2020,average,2,0.0003178137013511,interpolated,0.000318,0.0003178137013511,0.0003178137013511,interpolated,1.5377861602961147,1.0,0.0,0.9750556673596094,0.0663404061114121,3146.4974472427316,1
88,88,85_8,RSV B N201T,average,2,0.0003316873955735,interpolated,0.000332,0.0003316873955735,0.0003316873955735,interpolated,1.813878439098761,1.0,0.0,0.9921757903444206,0.0384084674592488,3014.8869488120354,1
89,89,85_8,RSV B N201S,average,2,0.0003703493613614,interpolated,0.00037,0.0003703493613614,0.0003703493613614,interpolated,1.2287842958612645,1.0,0.0,0.9725684890406996,0.0656795660661458,2700.153164363539,1
90,90,85_8,RSV B 1992,average,2,8.267224548014611e-05,interpolated,8.27e-05,8.267224548014611e-05,8.267224548014611e-05,interpolated,0.627567078033254,1.0,0.0,0.8879072093508935,0.1109503498613905,12095.957890004958,1
91,91,85_8,RSV B 2019,average,2,0.0001652406225155,interpolated,0.000165,0.0001652406225155,0.0001652406225155,interpolated,1.5160641992293185,1.0,0.0,0.9974622964314552,0.0220012511429193,6051.780638300352,1
92,92,85_8,RSV B 1982,average,2,0.0002224919077685,interpolated,0.000222,0.0002224919077685,0.0002224919077685,interpolated,1.950491599129927,1.0,0.0,0.9698557001567348,0.0705485072653261,4494.54548720256,1
93,93,85_8,RSV B 2024,average,2,0.0001899257296662,interpolated,0.00019,0.0001899257296662,0.0001899257296662,interpolated,1.0748940153037148,1.0,0.0,0.993859244766615,0.0313106952520701,5265.216049228976,1
94,94,85_8,RSV A 1982,average,2,0.0002045260638568,interpolated,0.000205,0.0002045260638568,0.0002045260638568,interpolated,1.3721858175339197,1.0,0.0,0.883527851789116,0.1275072581801209,4889.352394226661,1
95,95,85_8,RSV A 2020,average,2,0.0001203127438962,interpolated,0.00012,0.0001203127438962,0.0001203127438962,interpolated,1.227106826255197,1.0,0.0,0.9651097044921564,0.0752766969845502,8311.671462357732,1
96,96,86_7,RSV B N201T,average,2,0.0005104307734854,interpolated,0.00051,0.0005104307734854,0.0005104307734854,interpolated,1.6569839302048583,1.0,0.0,0.9854452113989204,0.051539715595916,1959.1295273434437,1
97,97,86_7,RSV B N201S,average,2,0.0004157886257879,interpolated,0.000416,0.0004157886257879,0.0004157886257879,interpolated,0.9461051146566324,1.0,0.0,0.9416638065167812,0.094607970157619,2405.068195660828,1
98,98,86_7,RSV B 1982,average,2,0.0004943577186976,interpolated,0.000494,0.0004943577186976,0.0004943577186976,interpolated,2.4029249521401392,1.0,0.0,0.845734693010675,0.2051334053428526,2022.826714700702,1
99,99,86_7,RSV B 1992,average,2,0.0002825859298251,interpolated,0.000283,0.0002825859298251,0.0002825859298251,interpolated,1.346135737052431,1.0,0.0,0.9864473449910668,0.050525785607839,3538.746605745469,1
100,100,86_7,RSV B 2019,average,2,0.0003112718881688,interpolated,0.000311,0.0003112718881688,0.0003112718881688,interpolated,1.5852599521257775,1.0,0.0,0.9857679607180851,0.0546349698708042,3212.6254827667212,1
101,101,86_7,RSV A 1982,average,2,0.0007353688946998,interpolated,0.000735,0.0007353688946998,0.0007353688946998,interpolated,1.5167049110496316,1.0,0.0,0.9729782130221896,0.0726071193722532,1359.8617064272628,1
102,102,86_7,RSV B 2024,average,2,0.0001994792599171,interpolated,0.000199,0.0001994792599171,0.0001994792599171,interpolated,0.8694624157883561,1.0,0.0,0.9921399717113664,0.0326127547571509,5013.052486837891,1
103,103,86_7,RSV A 2020,average,2,0.0006771050745571,interpolated,0.000677,0.0006771050745571,0.0006771050745571,interpolated,1.4122448869591222,1.0,0.0,0.9862176187319754,0.0511863003574764,1476.8756542758276,1
104,104,86_8,RSV B N201T,average,2,0.0008036218821927,interpolated,0.000804,0.0008036218821927,0.0008036218821927,interpolated,1.376554253032464,1.0,0.0,0.9668071374964464,0.07525623268333,1244.366314754245,1
105,105,86_8,RSV B N201S,average,2,0.0008420808804197,interpolated,0.000842,0.0008420808804197,0.0008420808804197,interpolated,1.0233994232071988,1.0,0.0,0.8591189313005662,0.1628209183435034,1187.5343844662425,1
106,106,86_8,RSV B 1992,average,2,0.00029994328668,interpolated,0.0003,0.00029994328668,0.00029994328668,interpolated,0.8067565446074041,1.0,0.0,0.8863113136793577,0.1204761828207912,3333.9636004818085,1
107,107,86_8,RSV B 2019,average,2,0.0004884359856354,interpolated,0.000488,0.0004884359856354,0.0004884359856354,interpolated,1.3404984085330909,1.0,0.0,0.994347142940294,0.029719567438622,2047.3511973101513,1
108,108,86_8,RSV B 1982,average,2,0.0009146662595365,interpolated,0.000915,0.0009146662595365,0.0009146662595365,interpolated,0.9442532164346537,1.0,0.0,0.877074173052689,0.1316197914706712,1093.2949472813639,1
109,109,86_8,RSV A 1982,average,2,0.0004181183606174,interpolated,0.000418,0.0004181183606174,0.0004181183606174,interpolated,0.7257262527889144,1.0,0.0,0.8684756433811475,0.1222143568741194,2391.6672746046947,1
110,110,86_8,RSV B 2024,average,2,0.0004059442577606,interpolated,0.000406,0.0004059442577606,0.0004059442577606,interpolated,0.902314560448525,1.0,0.0,0.9889458027252552,0.0392853399258347,2463.392401499952,1
111,111,86_8,RSV A 2020,average,2,0.0008608883428967,interpolated,0.000861,0.0008608883428967,0.0008608883428967,interpolated,1.862284545392628,1.0,0.0,0.9822803184498192,0.058323831807428,1161.5908244676887,1
112,112,86_9,RSV B N201T,average,2,3.775229569436305e-05,interpolated,3.78e-05,3.775229569436305e-05,3.775229569436305e-05,interpolated,1.241091635405716,1.0,0.0,0.9986977226781122,0.0141374945618556,26488.455380193318,1
113,113,86_9,RSV B N201S,average,2,8.857186639276085e-05,interpolated,8.86e-05,8.857186639276085e-05,8.857186639276085e-05,interpolated,1.4478991114860709,1.0,0.0,0.9419138306040528,0.1126563703923812,11290.266771229875,1
114,114,86_9,RSV B 1982,average,2,3.6111075041154944e-05,interpolated,3.61e-05,3.6111075041154944e-05,3.6111075041154944e-05,interpolated,1.6810445615240124,1.0,0.0,0.8763734109924695,0.1636114724226266,27692.335353082774,1
115,115,86_9,RSV B 1992,average,2,3.474440591937968e-05,interpolated,3.47e-05,3.474440591937968e-05,3.474440591937968e-05,interpolated,1.4125889386045611,1.0,0.0,0.993983294832084,0.0279522665796528,28781.611702338007,1
116,116,86_9,RSV B 2019,average,2,2.201756233040589e-05,interpolated,2.2e-05,2.201756233040589e-05,2.201756233040589e-05,interpolated,1.395522177307878,1.0,0.0,0.9950841024352352,0.0228861147966519,45418.28859133132,1
117,117,86_9,RSV A 1982,average,2,8.185678687642301e-05,interpolated,8.19e-05,8.185678687642301e-05,8.185678687642301e-05,interpolated,1.525058945652501,1.0,0.0,0.9883475349049824,0.0443557500842259,12216.458013550826,1
118,118,86_9,RSV B 2024,average,2,3.420548361826095e-05,interpolated,3.42e-05,3.420548361826095e-05,3.420548361826095e-05,interpolated,1.2780267116690551,1.0,0.0,0.9940280853274104,0.0270801778782095,29235.07853770381,1
119,119,86_9,RSV A 2020,average,2,9.081961284237136e-05,interpolated,9.08e-05,9.081961284237136e-05,9.081961284237136e-05,interpolated,1.6601184202743846,1.0,0.0,0.9857492321354197,0.0502000626033566,11010.83751298988,1
120,120,86_10,RSV B N201T,average,2,0.0010790308306055,interpolated,0.00108,0.0010790308306055,0.0010790308306055,interpolated,1.2468374487578775,1.0,0.0,0.9793705984374428,0.052489471877196,926.7575787791422,1
121,121,86_10,RSV B N201S,average,2,0.0006797494334368,interpolated,0.00068,0.0006797494334368,0.0006797494334368,interpolated,0.6139423832303051,1.0,0.0,0.9050902804389632,0.0898769678802705,1471.1303177466723,1
122,122,86_10,RSV B 1982,average,2,0.0005743231171474,interpolated,0.000574,0.0005743231171474,0.0005743231171474,interpolated,1.12305732786913,1.0,0.0,0.737802290316204,0.2661103748477665,1741.180130388779,1
123,123,86_10,RSV B 1992,average,2,0.0007083885572556,interpolated,0.000708,0.0007083885572556,0.0007083885572556,interpolated,1.958520308464044,1.0,0.0,0.9699314908891166,0.0832962433956358,1411.6546487906935,1
124,124,86_10,RSV B 2019,average,2,0.0008629986812462,interpolated,0.000863,0.0008629986812462,0.0008629986812462,interpolated,1.5616892977661545,1.0,0.0,0.9973408682677471,0.0219359403030297,1158.7503222553773,1
125,125,86_10,RSV A 1982,average,2,0.0013492040252285,interpolated,0.00135,0.0013492040252285,0.0013492040252285,interpolated,2.354867907874119,1.0,0.0,0.9050160961128676,0.1523755000747015,741.1777472503767,1
126,126,86_10,RSV B 2024,average,2,0.0008455402436734,interpolated,0.000846,0.0008455402436734,0.0008455402436734,interpolated,0.7624260685729619,1.0,0.0,0.9793859930909836,0.0492208284039794,1182.6758187825083,1
127,127,86_10,RSV A 2020,average,2,0.0005142056639601,interpolated,0.000514,0.0005142056639601,0.0005142056639601,interpolated,1.1399527397506726,1.0,0.0,0.9814999062867128,0.057362456773032,1944.7471509718637,1
128,128,86_12,RSV B N201T,average,2,0.0016392548555494,interpolated,0.00164,0.0016392548555494,0.0016392548555494,interpolated,1.076282339173057,1.0,0.0,0.9860577661120298,0.0364302614442868,610.0332700645549,1
129,129,86_12,RSV B N201S,average,2,0.0031209179594995,interpolated,0.00312,0.0031209179594995,0.0031209179594995,interpolated,0.6510891640439419,1.0,0.0,0.5988676933282522,0.1377691973978616,320.41854767639245,1
130,130,86_12,RSV B 1992,average,2,0.0016145938097924,interpolated,0.00161,0.0016145938097924,0.0016145938097924,interpolated,1.576959920301518,1.0,0.0,0.8211515556924602,0.1309383821051421,619.350819961695,1
131,131,86_12,RSV B 2019,average,2,0.0016899029184302,interpolated,0.00169,0.0016899029184302,0.0016899029184302,interpolated,1.7827013037229091,1.0,0.0,0.9970330650975908,0.019275089626726,591.749969240203,1
132,132,86_12,RSV B 1982,average,2,0.001980424761138,interpolated,0.00198,0.001980424761138,0.001980424761138,interpolated,1.4427727430201085,1.0,0.0,0.7324272924049042,0.201704908246318,504.94218191120564,1
133,133,86_12,RSV A 1982,average,2,0.0020191803234385,interpolated,0.00202,0.0020191803234385,0.0020191803234385,interpolated,1.828727988887223,1.0,0.0,0.9284282749836354,0.1214508894534095,495.25046792110237,1
134,134,86_12,RSV B 2024,average,2,0.0013605893219488,interpolated,0.00136,0.0013605893219488,0.0013605893219488,interpolated,0.7675593611483854,1.0,0.0,0.9390258112634764,0.0793421698034895,734.9756343579703,1
135,135,86_12,RSV A 2020,average,2,0.0008882321963862,interpolated,0.000888,0.0008882321963862,0.0008882321963862,interpolated,1.166066804461557,1.0,0.0,0.9875842107424626,0.0451849245348402,1125.8317409214962,1
136,136,87_7,RSV B N201T,average,2,0.0001731783355879,interpolated,0.000173,0.0001731783355879,0.0001731783355879,interpolated,1.0008621413755612,1.0,0.0,0.9810441564516296,0.0513995908917708,5774.394335210773,1
137,137,87_7,RSV B N201S,average,2,0.0003974996210516,interpolated,0.000397,0.0003974996210516,0.0003974996210516,interpolated,0.6755094732955649,1.0,0.0,0.956331126472284,0.0682148778065939,2515.725668755263,1
138,138,87_7,RSV B 1992,average,2,0.0002537745846409,interpolated,0.000254,0.0002537745846409,0.0002537745846409,interpolated,1.836762864276614,1.0,0.0,0.9746870949136408,0.071850899335857,3940.504922567543,1
139,139,87_7,RSV B 2019,average,2,0.000211513028661,interpolated,0.000212,0.000211513028661,0.000211513028661,interpolated,1.9499601630212613,1.0,0.0,0.98716256765716,0.0535270851984307,4727.8411468578515,1
140,140,87_7,RSV B 1982,average,2,0.0002241280229086,interpolated,0.000224,0.0002241280229086,0.0002241280229086,interpolated,1.5391352012704158,1.0,0.0,0.9320750488403788,0.1275528165579407,4461.735694727485,1
141,141,87_7,RSV A 1982,average,2,0.0001781162145254,interpolated,0.000178,0.0001781162145254,0.0001781162145254,interpolated,2.2863961288490544,1.0,0.0,0.969834831984804,0.0740955656036253,5614.311996605994,1
142,142,87_7,RSV B 2024,average,2,0.0001470286894835,interpolated,0.000147,0.0001470286894835,0.0001470286894835,interpolated,1.157611175787375,1.0,0.0,0.992475045923284,0.034082599365569,6801.393683864828,1
143,143,87_7,RSV A 2020,average,2,0.0001125362792929,interpolated,0.000113,0.0001125362792929,0.0001125362792929,interpolated,1.443769411787583,1.0,0.0,0.9934109158891904,0.0327150014004049,8886.02330095954,1
144,144,87_8,RSV B N201T,average,2,0.000361855222385,interpolated,0.000362,0.000361855222385,0.000361855222385,interpolated,1.3737952399770867,1.0,0.0,0.9768272441028504,0.0672977570145686,2763.5361828108107,1
145,145,87_8,RSV B N201S,average,2,0.0002072436387085,interpolated,0.000207,0.0002072436387085,0.0002072436387085,interpolated,0.5083636046715684,1.0,0.0,0.8917513083401595,0.0989818459749032,4825.238575387865,1
146,146,87_8,RSV B 1992,average,2,0.0003175118381935,interpolated,0.000318,0.0003175118381935,0.0003175118381935,interpolated,2.016645532706007,1.0,0.0,0.9826500594491604,0.0607459572936356,3149.4888684766893,1
147,147,87_8,RSV B 2019,average,2,0.0002239987890928,interpolated,0.000224,0.0002239987890928,0.0002239987890928,interpolated,1.6103914375687456,1.0,0.0,0.9739066866516964,0.0757595403539517,4464.309847611328,1
148,148,87_8,RSV B 1982,average,2,0.0002709316725236,interpolated,0.000271,0.0002709316725236,0.0002709316725236,interpolated,0.948578415714838,1.0,0.0,0.9627874324295717,0.0752760808976754,3690.9675073625554,1
149,149,87_8,RSV A 1982,average,2,0.0004629701228114,interpolated,0.000463,0.0004629701228114,0.0004629701228114,interpolated,1.4765083071708116,1.0,0.0,0.9954435899761274,0.0291291918627169,2159.9665955277414,1
150,150,87_8,RSV B 2024,average,2,0.0001701766085981,interpolated,0.00017,0.0001701766085981,0.0001701766085981,interpolated,0.9178208163906728,1.0,0.0,0.945278490975079,0.0834786950936294,5876.248259016985,1
151,151,87_8,RSV A 2020,average,2,0.0001685450534175,interpolated,0.000169,0.0001685450534175,0.0001685450534175,interpolated,0.983889928021177,1.0,0.0,0.9684487179925968,0.0728307259241063,5933.131704096456,1
152,152,87_9,RSV B N201T,average,2,0.000218786373716,interpolated,0.000219,0.000218786373716,0.000218786373716,interpolated,1.4852650750291767,1.0,0.0,0.9913203357070224,0.040764843134679,4570.6685613705995,1
153,153,87_9,RSV B N201S,average,2,0.0003025976123317,interpolated,0.000303,0.0003025976123317,0.0003025976123317,interpolated,0.961528140192683,1.0,0.0,0.9682268435566372,0.063564848880851,3304.7187394982643,1
154,154,87_9,RSV B 1982,average,2,0.000138029704752,interpolated,0.000138,0.000138029704752,0.000138029704752,interpolated,1.2516045286079769,1.0,0.0,0.9188656346789258,0.1310622113713582,7244.817351429641,1
155,155,87_9,RSV B 1992,average,2,7.271519553141294e-05,interpolated,7.27e-05,7.271519553141294e-05,7.271519553141294e-05,interpolated,1.999516121139877,1.0,0.0,0.9935808012217612,0.0337920087041209,13752.283724080757,1
156,156,87_9,RSV B 2019,average,2,8.897998999984227e-05,interpolated,8.9e-05,8.897998999984227e-05,8.897998999984227e-05,interpolated,1.333981307181717,1.0,0.0,0.9947834195849696,0.0286393279912963,11238.481820483152,1
157,157,87_9,RSV A 1982,average,2,0.0001129817979873,interpolated,0.000113,0.0001129817979873,0.0001129817979873,interpolated,2.3929250088127696,1.0,0.0,0.9656982538911616,0.082043901407352,8850.983236365273,1
158,158,87_9,RSV B 2024,average,2,0.0001194102828147,interpolated,0.000119,0.0001194102828147,0.0001194102828147,interpolated,1.1089092722701874,1.0,0.0,0.9962104514411292,0.023882140989957,8374.488163232916,1
159,159,87_9,RSV A 2020,average,2,7.138777195014153e-05,interpolated,7.14e-05,7.138777195014153e-05,7.138777195014153e-05,interpolated,1.3463646759249372,1.0,0.0,0.9835348848314932,0.0483171742359926,14008.001268038139,1
160,160,BEI negative,RSV B 1982,average,2,0.01,lower,>0.01,112.46432066296636,0.01,lower,0.2159354914018244,1.0,0.0,0.0495151771864854,0.2107681227356739,100.0,1
161,0,85_1,RSV B N201T,average,2,0.0009825373950764,interpolated,0.000983,0.0009825373950764,0.0009825373950764,interpolated,1.2686394050111922,1.0,0.0,0.98322174462971,0.0493387453741737,1017.7729672286337,2
162,1,85_1,RSV B 1992,average,2,0.0008834594217406,interpolated,0.000883,0.0008834594217406,0.0008834594217406,interpolated,1.776428525208814,1.0,0.0,0.946568005449303,0.0978836307536678,1131.9139005046668,2
163,2,85_1,RSV B 2019,average,2,0.0008325523316985,interpolated,0.000833,0.0008325523316985,0.0008325523316985,interpolated,1.9336375450379613,1.0,0.0,0.9261458780798738,0.127976330943308,1201.125697359934,2
164,3,85_1,RSV B 1982,average,2,0.0006482447579912,interpolated,0.000648,0.0006482447579912,0.0006482447579912,interpolated,2.298667007240658,1.0,0.0,0.8794911958569411,0.1514579032272366,1542.627206271331,2
165,4,85_1,RSV B 2024,average,2,0.0004199681040604,interpolated,0.00042,0.0004199681040604,0.0004199681040604,interpolated,0.7377153850703988,1.0,0.0,0.9555541772442137,0.0714409809084204,2381.133210669207,2
166,5,85_1,RSV A 1982,average,2,0.0007079022595744,interpolated,0.000708,0.0007079022595744,0.0007079022595744,interpolated,1.80974794234267,1.0,0.0,0.9738546886772234,0.076671415448914,1412.624393374889,2
167,6,85_1,RSV A 2020,average,2,0.0003427844392332,interpolated,0.000343,0.0003427844392332,0.0003427844392332,interpolated,1.131141145638571,1.0,0.0,0.9749406622030176,0.0609682204776712,2917.285283535549,2
168,7,85_2,RSV B N201T,average,2,0.0013406758491231,interpolated,0.00134,0.0013406758491231,0.0013406758491231,interpolated,1.4461174081218109,1.0,0.0,0.9883100726719372,0.0402658636521644,745.8924546556673,2
169,8,85_2,RSV B 1992,average,2,0.0013562294105846,interpolated,0.00136,0.0013562294105846,0.0013562294105846,interpolated,1.72978035207443,1.0,0.0,0.92362378743677,0.1111241407761394,737.3383825741929,2
170,9,85_2,RSV B 2019,average,2,0.0011402875649499,interpolated,0.00114,0.0011402875649499,0.0011402875649499,interpolated,2.0422753034137817,1.0,0.0,0.8998052198320441,0.1469939747690838,876.9717663666149,2
171,10,85_2,RSV B 1982,average,2,0.0013111237378183,interpolated,0.00131,0.0013111237378183,0.0013111237378183,interpolated,1.81963884081516,1.0,0.0,0.7661775369124789,0.2207128587946592,762.7045191508716,2
172,11,85_2,RSV B 2024,average,2,0.0007210889793583,interpolated,0.000721,0.0007210889793583,0.0007210889793583,interpolated,0.9918989494470478,1.0,0.0,0.9660198813192856,0.0667315464109877,1386.7914066443007,2
173,12,85_2,RSV A 1982,average,2,0.0031733443566716,interpolated,0.00317,0.0031733443566716,0.0031733443566716,interpolated,2.093561517438964,1.0,0.0,0.8500436042236174,0.1861596178617181,315.1249557576732,2
174,13,85_2,RSV A 2020,average,2,0.0011331961150372,interpolated,0.00113,0.0011331961150372,0.0011331961150372,interpolated,0.8750214809958636,1.0,0.0,0.9690506554990508,0.0643741657344469,882.4597849659699,2
175,14,85_4,RSV B N201T,average,2,0.0021962585911735,interpolated,0.0022,0.0021962585911735,0.0021962585911735,interpolated,1.700889036671393,1.0,0.0,0.9726683864096376,0.0535079016268376,455.3197897637738,2
176,15,85_4,RSV B 1992,average,2,0.0013582766986837,interpolated,0.00136,0.0013582766986837,0.0013582766986837,interpolated,2.443430863185729,1.0,0.0,0.9356086727246128,0.1028928573902834,736.2270154299898,2
177,16,85_4,RSV B 2019,average,2,0.001867374872748,interpolated,0.00187,0.001867374872748,0.001867374872748,interpolated,1.7550954499285456,1.0,0.0,0.98168025948229,0.0489572945137512,535.5111148777618,2
178,17,85_4,RSV B 1982,average,2,0.0011806957534449,interpolated,0.00118,0.0011806957534449,0.0011806957534449,interpolated,1.6043232929761182,1.0,0.0,0.7294642035518475,0.2493439469914844,846.9582422756358,2
179,18,85_4,RSV B 2024,average,2,0.0018370079204675,interpolated,0.00184,0.0018370079204675,0.0018370079204675,interpolated,0.8495018169026688,1.0,0.0,0.9712537309416088,0.0551792962654202,544.3634667320923,2
180,19,85_4,RSV A 1982,average,2,0.001540645277994,interpolated,0.00154,0.001540645277994,0.001540645277994,interpolated,1.9953621035415845,1.0,0.0,0.9476970258774255,0.1079888835845967,649.078677800546,2
181,20,85_4,RSV A 2020,average,2,0.0011522517226047,interpolated,0.00115,0.0011522517226047,0.0011522517226047,interpolated,1.5221263531338192,1.0,0.0,0.9839439479532078,0.0510509957035367,867.8659188631714,2
182,21,85_6,RSV B N201T,average,2,0.0005281454586791,interpolated,0.000528,0.0005281454586791,0.0005281454586791,interpolated,1.2110175772864524,1.0,0.0,0.9944696225138048,0.0290542921218496,1893.4177764228355,2
183,22,85_6,RSV B 1992,average,2,0.0003948249179085,interpolated,0.000395,0.0003948249179085,0.0003948249179085,interpolated,0.954992721679654,1.0,0.0,0.9247844364825984,0.1005586078044353,2532.7682084942476,2
184,23,85_6,RSV B 2019,average,2,0.0005038098786607,interpolated,0.000504,0.0005038098786607,0.0005038098786607,interpolated,1.6503373557491492,1.0,0.0,0.9366045438009416,0.1211436297867825,1984.8757286346668,2
185,24,85_6,RSV B 1982,average,2,0.0003497306231828,interpolated,0.00035,0.0003497306231828,0.0003497306231828,interpolated,1.327693899087458,1.0,0.0,0.9703821679415132,0.066009299315425,2859.3435453243455,2
186,25,85_6,RSV B 2024,average,2,0.000285740651678,interpolated,0.000286,0.000285740651678,0.000285740651678,interpolated,0.8114320113131199,1.0,0.0,0.9864668423528972,0.0420628660836932,3499.6770467469078,2
187,26,85_6,RSV A 1982,average,2,0.0004564346866931,interpolated,0.000456,0.0004564346866931,0.0004564346866931,interpolated,1.3880150024660771,1.0,0.0,0.9719622350017962,0.0720461995789507,2190.8939639208124,2
188,27,85_6,RSV A 2020,average,2,0.0002496618020485,interpolated,0.00025,0.0002496618020485,0.0002496618020485,interpolated,1.3615135740777045,1.0,0.0,0.9742356433157224,0.0714566042372912,4005.418497322779,2
189,28,86_1,RSV B N201T,average,2,0.0003413263872965,interpolated,0.000341,0.0003413263872965,0.0003413263872965,interpolated,1.2895463560177791,1.0,0.0,0.9943223409046036,0.0309291201051761,2929.747119525599,2
190,29,86_1,RSV B 1992,average,2,0.0002872326167412,interpolated,0.000287,0.0002872326167412,0.0002872326167412,interpolated,1.1068982617760816,1.0,0.0,0.8772754949072146,0.1285424200289686,3481.498763425645,2
191,30,86_1,RSV B 2019,average,2,0.0002394217420928,interpolated,0.000239,0.0002394217420928,0.0002394217420928,interpolated,1.5676229276497375,1.0,0.0,0.9850572249469052,0.0557048031325822,4176.730113392958,2
192,31,86_1,RSV B 1982,average,2,0.0002764986130818,interpolated,0.000276,0.0002764986130818,0.0002764986130818,interpolated,0.904949038434324,1.0,0.0,0.970361618305092,0.0651470581407323,3616.654669092889,2
193,32,86_1,RSV B 2024,average,2,0.0001320173119637,interpolated,0.000132,0.0001320173119637,0.0001320173119637,interpolated,0.766856120306261,1.0,0.0,0.9807945911052474,0.0471406103490571,7574.764136047278,2
194,33,86_1,RSV A 1982,average,2,0.0005096252305376,interpolated,0.00051,0.0005096252305376,0.0005096252305376,interpolated,1.031251506543839,1.0,0.0,0.9376592860580738,0.0982561906978317,1962.2262401433838,2
195,34,86_1,RSV A 2020,average,2,0.0002483994116448,interpolated,0.000248,0.0002483994116448,0.0002483994116448,interpolated,1.1321788317707369,1.0,0.0,0.9673536606893024,0.0759855238043902,4025.7744306977465,2
196,35,86_2,RSV B N201T,average,2,0.0004172006003021,interpolated,0.000417,0.0004172006003021,0.0004172006003021,interpolated,1.1924235783267487,1.0,0.0,0.9914662130741988,0.0374480265628843,2396.928478232984,2
197,36,86_2,RSV B 1992,average,2,0.0003590873767597,interpolated,0.000359,0.0003590873767597,0.0003590873767597,interpolated,0.8330384004448806,1.0,0.0,0.7633631677211801,0.1741278820955363,2784.8375206717346,2
198,37,86_2,RSV B 2019,average,2,0.0003722507224213,interpolated,0.000372,0.0003722507224213,0.0003722507224213,interpolated,1.4473655299221182,1.0,0.0,0.9858036144218382,0.0493795921196913,2686.3614756621905,2
199,38,86_2,RSV B 1982,average,2,0.0004783179797376,interpolated,0.000478,0.0004783179797376,0.0004783179797376,interpolated,0.919011845898432,1.0,0.0,0.9030250109723402,0.1227230700109161,2090.659440710527,2
200,39,86_2,RSV B 2024,average,2,0.0004587456501422,interpolated,0.000459,0.0004587456501422,0.0004587456501422,interpolated,1.2238364643945954,1.0,0.0,0.990637935542262,0.0397212114558816,2179.857181621285,2
201,40,86_2,RSV A 1982,average,2,0.0003150113361462,interpolated,0.000315,0.0003150113361462,0.0003150113361462,interpolated,1.3847150771097605,1.0,0.0,0.983445254687438,0.0552691625620631,3174.4889318392334,2
202,41,86_2,RSV A 2020,average,2,0.0001862110105284,interpolated,0.000186,0.0001862110105284,0.0001862110105284,interpolated,0.9165847221359248,1.0,0.0,0.9800348613835688,0.0526220191452477,5370.251722292678,2
203,42,86_4,RSV B N201T,average,2,0.0001964604564362,interpolated,0.000196,0.0001964604564362,0.0001964604564362,interpolated,1.1729299972110745,1.0,0.0,0.9864260534687616,0.0459607487566034,5090.082849953814,2
204,43,86_4,RSV B 1992,average,2,0.0002791037765566,interpolated,0.000279,0.0002791037765566,0.0002791037765566,interpolated,1.478092790054777,1.0,0.0,0.9540421366830868,0.0819018853679,3582.896700063849,2
205,44,86_4,RSV B 2019,average,2,0.0002099579286323,interpolated,0.00021,0.0002099579286323,0.0002099579286323,interpolated,1.80791229053542,1.0,0.0,0.9524447679769544,0.1097704347057212,4762.8589523347,2
206,45,86_4,RSV B 1982,average,2,0.0002936970205482,interpolated,0.000294,0.0002936970205482,0.0002936970205482,interpolated,0.993511984776332,1.0,0.0,0.8964618012812543,0.1164122022498945,3404.8694063475705,2
207,46,86_4,RSV B 2024,average,2,0.0001308932955304,interpolated,0.000131,0.0001308932955304,0.0001308932955304,interpolated,0.946318658823694,1.0,0.0,0.9948437002222356,0.0267772990494293,7639.810701899165,2
208,47,86_4,RSV A 1982,average,2,0.0004738461236585,interpolated,0.000474,0.0004738461236585,0.0004738461236585,interpolated,1.0784374329079476,1.0,0.0,0.9883982802445224,0.0416097798949454,2110.3897448377106,2
209,48,86_4,RSV A 2020,average,2,0.0002407800820991,interpolated,0.000241,0.0002407800820991,0.0002407800820991,interpolated,0.8550027266557048,1.0,0.0,0.9879484740782308,0.0405851467261238,4153.167451734737,2
210,49,86_6,RSV B N201T,average,2,0.0004444342093974,interpolated,0.000444,0.0004444342093974,0.0004444342093974,interpolated,1.0474144659227391,1.0,0.0,0.9916551127096352,0.034840722407198,2250.0518161189284,2
211,50,86_6,RSV B 1992,average,2,0.0004471272218456,interpolated,0.000447,0.0004471272218456,0.0004471272218456,interpolated,1.2587333908843992,1.0,0.0,0.9813121110368376,0.0518411825101285,2236.499929197591,2
212,51,86_6,RSV B 2019,average,2,0.0005161917579794,interpolated,0.000516,0.0005161917579794,0.0005161917579794,interpolated,1.9011952330040096,1.0,0.0,0.920143519518946,0.1411358184754344,1937.2645621356621,2
213,52,86_6,RSV B 1982,average,2,0.0005272130540495,interpolated,0.000527,0.0005272130540495,0.0005272130540495,interpolated,1.56911224171057,1.0,0.0,0.9093823977019616,0.133866392329304,1896.766387552517,2
214,53,86_6,RSV B 2024,average,2,0.0001050896090013,interpolated,0.000105,0.0001050896090013,0.0001050896090013,interpolated,0.6041250568105164,1.0,0.0,0.93521798852918,0.0798835185363321,9515.688653743393,2
215,54,86_6,RSV A 1982,average,2,0.0005344836514846,interpolated,0.000534,0.0005344836514846,0.0005344836514846,interpolated,1.281961813260347,1.0,0.0,0.9788822379385672,0.0599734681182244,1870.9646164524695,2
216,55,86_6,RSV A 2020,average,2,0.000236063809441,interpolated,0.000236,0.000236063809441,0.000236063809441,interpolated,0.7797473826930985,1.0,0.0,0.9525905378790578,0.0770895762561016,4236.142771600627,2
217,56,85_3,RSV B N201T,average,2,0.0001168742593334,interpolated,0.000117,0.0001168742593334,0.0001168742593334,interpolated,1.0620645435222362,1.0,0.0,0.9930932650770936,0.0331961887280627,8556.203955460898,2
218,57,85_3,RSV B 1992,average,2,0.0001741398464257,interpolated,0.000174,0.0001741398464257,0.0001741398464257,interpolated,1.928849469224017,1.0,0.0,0.9897397747102036,0.0476967524169178,5742.511093959582,2
219,58,85_3,RSV B 2019,average,2,0.0001220193993571,interpolated,0.000122,0.0001220193993571,0.0001220193993571,interpolated,1.9090707614546487,1.0,0.0,0.9398075334600844,0.1272184897640554,8195.418148825796,2
220,59,85_3,RSV B 1982,average,2,0.0001520000372899,interpolated,0.000152,0.0001520000372899,0.0001520000372899,interpolated,1.5575754263226012,1.0,0.0,0.9520204533033786,0.0947837062740976,6578.945754419545,2
221,60,85_3,RSV B 2024,average,2,9.138548057010883e-05,interpolated,9.14e-05,9.138548057010883e-05,9.138548057010883e-05,interpolated,0.9862505170372696,1.0,0.0,0.9868410322788168,0.0432388730922893,10942.657342955297,2
222,61,85_3,RSV A 1982,average,2,0.0002719015462826,interpolated,0.000272,0.0002719015462826,0.0002719015462826,interpolated,1.252646014729054,1.0,0.0,0.9765362729897104,0.0609581485327577,3677.801813457336,2
223,62,85_3,RSV A 2020,average,2,0.0001163704873452,interpolated,0.000116,0.0001163704873452,0.0001163704873452,interpolated,0.9190008968050906,1.0,0.0,0.9895763621476076,0.0369220345572385,8593.244067403552,2
224,63,87_4,RSV B N201T,average,2,0.0002912214096681,interpolated,0.000291,0.0002912214096681,0.0002912214096681,interpolated,1.3681010025528488,1.0,0.0,0.9990773696065938,0.0125096864762787,3433.813472504246,2
225,64,87_4,RSV B 1992,average,2,0.0003665875362798,interpolated,0.000367,0.0003665875362798,0.0003665875362798,interpolated,2.214513844087424,1.0,0.0,0.951108259732428,0.1086599095295995,2727.861427445652,2
226,65,87_4,RSV B 2019,average,2,0.0002743300861227,interpolated,0.000274,0.0002743300861227,0.0002743300861227,interpolated,1.7304074741589917,1.0,0.0,0.9390682751568906,0.1249426637596603,3645.243633805184,2
227,66,87_4,RSV B 1982,average,2,0.0002802679459566,interpolated,0.00028,0.0002802679459566,0.0002802679459566,interpolated,1.036308914043775,1.0,0.0,0.8981168324078024,0.1316959718407999,3568.014160830407,2
228,67,87_4,RSV B 2024,average,2,0.0001983424590825,interpolated,0.000198,0.0001983424590825,0.0001983424590825,interpolated,1.0124137130113493,1.0,0.0,0.968627413129216,0.065832125873178,5041.784823208493,2
229,68,87_4,RSV A 1982,average,2,0.0004587916209702,interpolated,0.000459,0.0004587916209702,0.0004587916209702,interpolated,1.3368896182038497,1.0,0.0,0.9952238441072152,0.0294176904042029,2179.638760370807,2
230,69,87_4,RSV A 2020,average,2,0.0003593338536731,interpolated,0.000359,0.0003593338536731,0.0003593338536731,interpolated,1.067950141168876,1.0,0.0,0.9969671993933056,0.0218939221328947,2782.9273244867677,2
231,70,85_7,RSV B N201T,average,2,0.0001777899923812,interpolated,0.000178,0.0001777899923812,0.0001777899923812,interpolated,1.3408751228968938,1.0,0.0,0.9904560733420285,0.0430298681887076,5624.613548865547,2
232,71,85_7,RSV B 1992,average,2,0.0002560486878389,interpolated,0.000256,0.0002560486878389,0.0002560486878389,interpolated,1.8925233005396,1.0,0.0,0.9599361234106673,0.094963319267749,3905.507223802596,2
233,72,85_7,RSV B 2019,average,2,0.0001974711158154,interpolated,0.000197,0.0001974711158154,0.0001974711158154,interpolated,1.707002801329644,1.0,0.0,0.974480293563502,0.0742971552827698,5064.031749001815,2
234,73,85_7,RSV B 1982,average,2,0.0002403343160226,interpolated,0.00024,0.0002403343160226,0.0002403343160226,interpolated,1.3221237067859726,1.0,0.0,0.9459389987301768,0.0941523631191592,4160.870642817251,2
235,74,85_7,RSV B 2024,average,2,8.944569491183133e-05,interpolated,8.94e-05,8.944569491183133e-05,8.944569491183133e-05,interpolated,0.7200228215759075,1.0,0.0,0.9631412654135544,0.0635852355918445,11179.967923394444,2
236,75,85_7,RSV A 1982,average,2,0.0003633166167031,interpolated,0.000363,0.0003633166167031,0.0003633166167031,interpolated,1.1360943126779686,1.0,0.0,0.9710193365624532,0.0659493330843865,2752.4202142870704,2
237,76,85_7,RSV A 2020,average,2,0.0002271964786362,interpolated,0.000227,0.0002271964786362,0.0002271964786362,interpolated,0.9396413642408185,1.0,0.0,0.953608572773358,0.0799210706828345,4401.476669016764,2
238,77,85_8,RSV B N201T,average,2,0.0002143062237733,interpolated,0.000214,0.0002143062237733,0.0002143062237733,interpolated,1.3482560322648465,1.0,0.0,0.9928089972786772,0.0346940412942999,4666.220058348991,2
239,78,85_8,RSV B 1992,average,2,0.0001656497523087,interpolated,0.000166,0.0001656497523087,0.0001656497523087,interpolated,0.9641943495759436,1.0,0.0,0.947819470258696,0.0828913846704183,6036.833656934357,2
240,79,85_8,RSV B 2019,average,2,0.0001679430708724,interpolated,0.000168,0.0001679430708724,0.0001679430708724,interpolated,1.572316649280202,1.0,0.0,0.9932124556754272,0.0369080784365984,5954.39868287142,2
241,80,85_8,RSV B 1982,average,2,0.000135969816746,interpolated,0.000136,0.000135969816746,0.000135969816746,interpolated,0.6853328534892728,1.0,0.0,0.8684972383347903,0.1209202045417364,7354.573418805599,2
242,81,85_8,RSV B 2024,average,2,0.0001762073482629,interpolated,0.000176,0.0001762073482629,0.0001762073482629,interpolated,1.104914194627964,1.0,0.0,0.9955134758576356,0.0264666543233641,5675.132222681246,2
243,82,85_8,RSV A 1982,average,2,0.0001639944787668,interpolated,0.000164,0.0001639944787668,0.0001639944787668,interpolated,1.242018848269408,1.0,0.0,0.9462944985879902,0.0870063633325792,6097.766263350847,2
244,83,85_8,RSV A 2020,average,2,0.0001317887518464,interpolated,0.000132,0.0001317887518464,0.0001317887518464,interpolated,0.9274362689712462,1.0,0.0,0.9689670162847585,0.0633228397279965,7587.900985400496,2
245,84,86_7,RSV B N201T,average,2,0.0005594811586261,interpolated,0.000559,0.0005594811586261,0.0005594811586261,interpolated,1.3565445632019908,1.0,0.0,0.9966779510183672,0.023003414960987,1787.3702886718615,2
246,85,86_7,RSV B 1992,average,2,0.0002833808353213,interpolated,0.000283,0.0002833808353213,0.0002833808353213,interpolated,1.0537615976006875,1.0,0.0,0.9225443566427096,0.0988944527258246,3528.8201436282384,2
247,86,86_7,RSV B 2019,average,2,0.0003179238403767,interpolated,0.000318,0.0003179238403767,0.0003179238403767,interpolated,1.4446223419403494,1.0,0.0,0.993057338792094,0.0353265974641592,3145.407399505256,2
248,87,86_7,RSV B 1982,average,2,0.000250354006264,interpolated,0.00025,0.000250354006264,0.000250354006264,interpolated,0.691014517277001,1.0,0.0,0.8701069285580876,0.1219611424774765,3994.343908942656,2
249,88,86_7,RSV B 2024,average,2,0.0002509256158922,interpolated,0.000251,0.0002509256158922,0.0002509256158922,interpolated,1.02543669789836,1.0,0.0,0.9927298903049936,0.0327532833351361,3985.2447764026183,2
250,89,86_7,RSV A 1982,average,2,0.0007355501457166,interpolated,0.000736,0.0007355501457166,0.0007355501457166,interpolated,1.3302026251293475,1.0,0.0,0.9669663932314376,0.072873930205896,1359.5266153142602,2
251,90,86_7,RSV A 2020,average,2,0.000714761881746,interpolated,0.000715,0.000714761881746,0.000714761881746,interpolated,1.3610862579163518,1.0,0.0,0.9778721247709508,0.0646972262692993,1399.067333525437,2
252,91,86_8,RSV B N201T,average,2,0.001053617052731,interpolated,0.00105,0.001053617052731,0.001053617052731,interpolated,1.520436081369459,1.0,0.0,0.9677106699911704,0.0737063902173305,949.1114417785633,2
253,92,86_8,RSV B 1992,average,2,0.000316666819199,interpolated,0.000317,0.000316666819199,0.000316666819199,interpolated,1.058115074528428,1.0,0.0,0.8853692808123803,0.1236405140408753,3157.893215744777,2
254,93,86_8,RSV B 2019,average,2,0.0004538003584898,interpolated,0.000454,0.0004538003584898,0.0004538003584898,interpolated,1.4045960188293023,1.0,0.0,0.9689893114760476,0.0698308178214204,2203.612186045633,2
255,94,86_8,RSV B 1982,average,2,0.0003285566277808,interpolated,0.000329,0.0003285566277808,0.0003285566277808,interpolated,1.0358835926177508,1.0,0.0,0.9036106294601528,0.1112233344247326,3043.615363215745,2
256,95,86_8,RSV B 2024,average,2,0.0002545982048797,interpolated,0.000255,0.0002545982048797,0.0002545982048797,interpolated,0.6663941037190901,1.0,0.0,0.9418167506400744,0.0795076277776543,3927.7574658175977,2
257,96,86_8,RSV A 1982,average,2,0.0010282986420522,interpolated,0.00103,0.0010282986420522,0.0010282986420522,interpolated,1.3485204008702156,1.0,0.0,0.9244687617212868,0.1000472143948727,972.4801328184935,2
258,97,86_8,RSV A 2020,average,2,0.0004424437398187,interpolated,0.000442,0.0004424437398187,0.0004424437398187,interpolated,0.8778961873553276,1.0,0.0,0.9694474414798592,0.068331917399616,2260.1743679541487,2
259,98,86_9,RSV B N201T,average,2,5.3411949539962006e-05,interpolated,5.34e-05,5.3411949539962006e-05,5.3411949539962006e-05,interpolated,1.457418700553872,1.0,0.0,0.9922610016750972,0.0382247770921367,18722.402170544538,2
260,99,86_9,RSV B 1992,average,2,2.1852294783669094e-05,interpolated,2.19e-05,2.1852294783669094e-05,2.1852294783669094e-05,interpolated,0.7568554541048546,1.0,0.0,0.9060794363826836,0.1014043331916289,45761.784283970555,2
261,100,86_9,RSV B 2019,average,2,2.3540750116382866e-05,interpolated,2.35e-05,2.3540750116382866e-05,2.3540750116382866e-05,interpolated,1.8372680853715555,1.0,0.0,0.9979773644194926,0.0186855968972009,42479.52996638215,2
262,101,86_9,RSV B 1982,average,2,3.27973295784376e-05,interpolated,3.28e-05,3.27973295784376e-05,3.27973295784376e-05,interpolated,1.2088223505282514,1.0,0.0,0.9567827826847808,0.076903782997568,30490.287253674574,2
263,102,86_9,RSV B 2024,average,2,2.597010198814889e-05,interpolated,2.6e-05,2.597010198814889e-05,2.597010198814889e-05,interpolated,1.1336507116493115,1.0,0.0,0.9955347193130232,0.0217307058957628,38505.81720689186,2
264,103,86_9,RSV A 1982,average,2,9.399571168594714e-05,interpolated,9.4e-05,9.399571168594714e-05,9.399571168594714e-05,interpolated,1.0847324630109194,1.0,0.0,0.9537828756510998,0.0784933423172494,10638.78321748486,2
265,104,86_9,RSV A 2020,average,2,6.408906529720077e-05,interpolated,6.41e-05,6.408906529720077e-05,6.408906529720077e-05,interpolated,0.9213246646073509,1.0,0.0,0.9912019337735004,0.0327669101812906,15603.285761193294,2
266,105,86_10,RSV B N201T,average,2,0.0018268340738724,interpolated,0.00183,0.0018268340738724,0.0018268340738724,interpolated,1.9291805586933064,1.0,0.0,0.9085251329691296,0.1233438420737039,547.3950887505986,2
267,106,86_10,RSV B 1992,average,2,0.0006250131218761,interpolated,0.000625,0.0006250131218761,0.0006250131218761,interpolated,1.5573236197619498,1.0,0.0,0.9890429451404744,0.0412497528498149,1599.9664087024332,2
268,107,86_10,RSV B 2019,average,2,0.000855930694849,interpolated,0.000856,0.000855930694849,0.000855930694849,interpolated,1.7599295284663692,1.0,0.0,0.9653062816823418,0.0817231812308874,1168.3188907910542,2
269,108,86_10,RSV B 1982,average,2,0.0005701119280699,interpolated,0.00057,0.0005701119280699,0.0005701119280699,interpolated,1.1310401748710466,1.0,0.0,0.7965131939084167,0.2040820205974308,1754.0415324855167,2
270,109,86_10,RSV B 2024,average,2,0.0012862634619904,interpolated,0.00129,0.0012862634619904,0.0012862634619904,interpolated,1.15293477728655,1.0,0.0,0.973378237621252,0.0596330286247025,777.4457018724391,2
271,110,86_10,RSV A 1982,average,2,0.0010171580279996,interpolated,0.00102,0.0010171580279996,0.0010171580279996,interpolated,2.09648654769816,1.0,0.0,0.9044649583911396,0.1625445399913169,983.1314038455323,2
272,111,86_10,RSV A 2020,average,2,0.0008536539756467,interpolated,0.000854,0.0008536539756467,0.0008536539756467,interpolated,1.6548686070065268,1.0,0.0,0.9752046781771296,0.0672518829408465,1171.434830186825,2
273,112,86_12,RSV B N201T,average,2,0.0035871974843892,interpolated,0.00359,0.0035871974843892,0.0035871974843892,interpolated,2.597758594230932,1.0,0.0,0.6652658699611065,0.2393941029240932,278.76915178264073,2
274,113,86_12,RSV B 1992,average,2,0.0023538525114498,interpolated,0.00235,0.0023538525114498,0.0023538525114498,interpolated,2.282860558773599,1.0,0.0,0.8863563828091965,0.1134528272062219,424.8354538509609,2
275,114,86_12,RSV B 2019,average,2,0.0018230370706911,interpolated,0.00182,0.0018230370706911,0.0018230370706911,interpolated,2.1709457635340814,1.0,0.0,0.9087662825574464,0.1243038818031362,548.5351977076951,2
276,115,86_12,RSV B 1982,average,2,0.0016731671665477,interpolated,0.00167,0.0016731671665477,0.0016731671665477,interpolated,1.9053020749854803,1.0,0.0,0.8191837836728251,0.1639823133217136,597.6689119852456,2
277,116,86_12,RSV B 2024,average,2,0.001315724900185,interpolated,0.00132,0.001315724900185,0.001315724900185,interpolated,0.8293494442275304,1.0,0.0,0.9628688437603066,0.0636992309735531,760.0372994836482,2
278,117,86_12,RSV A 1982,average,2,0.0030626601731256,interpolated,0.00306,0.0030626601731256,0.0030626601731256,interpolated,2.685588358714138,1.0,0.0,0.8918100235167383,0.1578996027159087,326.5135351204993,2
279,118,86_12,RSV A 2020,average,2,0.0013677043632402,interpolated,0.00137,0.0013677043632402,0.0013677043632402,interpolated,1.4229084457104997,1.0,0.0,0.9804652533840172,0.0553025558528781,731.1521604207803,2
280,119,87_7,RSV B N201T,average,2,0.0004802095722712,interpolated,0.00048,0.0004802095722712,0.0004802095722712,interpolated,2.452320161283824,1.0,0.0,0.9173498679462896,0.1481156927413549,2082.4241284287573,2
281,120,87_7,RSV B 1992,average,2,0.0002900199401942,interpolated,0.00029,0.0002900199401942,0.0002900199401942,interpolated,1.4531601539154513,1.0,0.0,0.9864150001157024,0.0493976515139302,3448.0387773695525,2
282,121,87_7,RSV B 2019,average,2,0.0002579281294751,interpolated,0.000258,0.0002579281294751,0.0002579281294751,interpolated,2.132805592782028,1.0,0.0,0.9398910636641188,0.1279446128554232,3877.0490137507027,2
283,122,87_7,RSV B 1982,average,2,0.0003767826023522,interpolated,0.000377,0.0003767826023522,0.0003767826023522,interpolated,1.4596823066610491,1.0,0.0,0.8746083278033183,0.1638969994772532,2654.0503562455983,2
284,123,87_7,RSV B 2024,average,2,0.0001957762444314,interpolated,0.000196,0.0001957762444314,0.0001957762444314,interpolated,1.4220198364114585,1.0,0.0,0.986469114429274,0.0506898001877462,5107.87201432092,2
285,124,87_7,RSV A 1982,average,2,0.000171840226735,interpolated,0.000172,0.000171840226735,0.000171840226735,interpolated,1.935841468737575,1.0,0.0,0.9935172075965414,0.0357156170734143,5819.3591745088315,2
286,125,87_7,RSV A 2020,average,2,0.0001180432006731,interpolated,0.000118,0.0001180432006731,0.0001180432006731,interpolated,1.2539531692088923,1.0,0.0,0.994385491389931,0.0294480695502602,8471.474801579849,2
287,126,87_8,RSV B N201T,average,2,0.0002934409893807,interpolated,0.000293,0.0002934409893807,0.0002934409893807,interpolated,1.1115238262690716,1.0,0.0,0.9734080053121478,0.060868782652585,3407.840200206779,2
288,127,87_8,RSV B 1992,average,2,0.0002990192591834,interpolated,0.000299,0.0002990192591834,0.0002990192591834,interpolated,1.5558265308157269,1.0,0.0,0.9749222164322112,0.0723397274057471,3344.266194528499,2
289,128,87_8,RSV B 2019,average,2,0.0003291184135291,interpolated,0.000329,0.0003291184135291,0.0003291184135291,interpolated,1.6433304576550818,1.0,0.0,0.9779583590021936,0.0683370153157478,3038.4200910459904,2
290,129,87_8,RSV B 1982,average,2,0.0003316302598348,interpolated,0.000332,0.0003316302598348,0.0003316302598348,interpolated,1.2583674728393388,1.0,0.0,0.8328447324538731,0.1978300148403005,3015.406376059124,2
291,130,87_8,RSV B 2024,average,2,0.0002449528199874,interpolated,0.000245,0.0002449528199874,0.0002449528199874,interpolated,1.0391461616971336,1.0,0.0,0.9867026728281664,0.0445691581818487,4082.4188104935406,2
292,131,87_8,RSV A 1982,average,2,0.0003436246815943,interpolated,0.000344,0.0003436246815943,0.0003436246815943,interpolated,1.3785443109119846,1.0,0.0,0.9651132744725393,0.0751554045025713,2910.151841713887,2
293,132,87_8,RSV A 2020,average,2,0.0001694863317288,interpolated,0.000169,0.0001694863317288,0.0001694863317288,interpolated,1.1586701229321597,1.0,0.0,0.990203654400941,0.0398960893298883,5900.180798060631,2
294,133,87_9,RSV B N201T,average,2,0.0002510898579538,interpolated,0.000251,0.0002510898579538,0.0002510898579538,interpolated,1.4668043142312015,1.0,0.0,0.9810795253285284,0.061439339158308,3982.637961362812,2
295,134,87_9,RSV B 1992,average,2,7.538141624191815e-05,interpolated,7.54e-05,7.538141624191815e-05,7.538141624191815e-05,interpolated,1.159662271305792,1.0,0.0,0.9519009580486876,0.0976067809696368,13265.869094190875,2
296,135,87_9,RSV B 2019,average,2,0.0001499295010778,interpolated,0.00015,0.0001499295010778,0.0001499295010778,interpolated,1.839166352122708,1.0,0.0,0.9958562193397796,0.0289919422204463,6669.801425411863,2
297,136,87_9,RSV B 1982,average,2,0.0001463381175057,interpolated,0.000146,0.0001463381175057,0.0001463381175057,interpolated,1.1913270001324894,1.0,0.0,0.9077555246924776,0.1481420023688389,6833.489572264377,2
298,137,87_9,RSV B 2024,average,2,0.0001239387573926,interpolated,0.000124,0.0001239387573926,0.0001239387573926,interpolated,1.2699441738220685,1.0,0.0,0.9898603014216462,0.0396593088039896,8068.501097137084,2
299,138,87_9,RSV A 1982,average,2,7.05243403773331e-05,interpolated,7.05e-05,7.05243403773331e-05,7.05243403773331e-05,interpolated,1.3378071131688485,1.0,0.0,0.975586177539286,0.060168551832203,14179.501639428385,2
300,139,87_9,RSV A 2020,average,2,5.618473884684639e-05,interpolated,5.62e-05,5.618473884684639e-05,5.618473884684639e-05,interpolated,1.0437949945466871,1.0,0.0,0.9635538688424152,0.0661568807390767,17798.42748269941,2
301,140,BEI_neg,RSV B 1992,average,2,0.01,lower,>0.01,1773892.376545654,0.01,lower,111.78124536181896,1.0,0.0,-0.3012577891036418,0.1541536526038585,100.0,2
302,141,BEI_neg,RSV B 2019,average,2,0.01,lower,>0.01,2481.680364333835,0.01,lower,538.2181668436091,1.0,0.0,-0.5831136115699194,0.0728102518727807,100.0,2
303,142,BEI_neg,RSV B 1982,average,2,0.01,lower,>0.01,2041589.9134253983,0.01,lower,111.00722572958216,1.0,0.0,-0.4777268608998286,0.1915488028907747,100.0,2
